Vivado Simulator 2019.2
Copyright 1986-1999, 2001-2019 Xilinx, Inc. All Rights Reserved.
Running: C:/Xilinx/Vivado/2019.2/bin/unwrapped/win64.o/xelab.exe -wto 3a24a41b10fc4140876edd293100f1a1 --incr --debug typical --relax --mt 2 -L xil_defaultlib -L unisims_ver -L secureip --snapshot test_func_synth xil_defaultlib.test xil_defaultlib.glbl -log elaborate.log 
Using 2 slave threads.
Starting static elaboration
Pass Through NonSizing Optimizer
WARNING: [VRFC 10-4969] module 'GTXE2_CHANNEL_WRAP' is instantiated multiple times from VHDL or from both Verilog and VHDL, elaboration result may be incorrect [/wrk/2019.2/continuous/2019_11_06_2708876/data/secureip/gtxe2_channel/gtxe2_channel_001.vp:3]
Completed static elaboration
Starting simulation data flow analysis
Completed simulation data flow analysis
Time Resolution for simulation is 1ps
Compiling package std.standard
Compiling package std.textio
Compiling package ieee.std_logic_1164
Compiling package ieee.numeric_std
Compiling package unisim.vcomponents
Compiling package ieee.vital_timing
Compiling package ieee.vital_primitives
Compiling package unisim.vpkg
Compiling package ieee.std_logic_arith
Compiling package ieee.std_logic_signed
Compiling package ieee.std_logic_textio
Compiling package ieee.std_logic_unsigned
Compiling architecture ibuf_v of entity unisim.IBUF [\IBUF(1,9)(1,1)(1,4)(1,7)\]
Compiling architecture obuf_v of entity unisim.OBUF [\OBUF(1,9)(1,7)(1,4)\]
Compiling architecture fdre_v of entity unisim.FDRE [fdre_default]
Compiling architecture bufg_v of entity unisim.BUFG [bufg_default]
Compiling architecture mmcme2_adv_v of entity unisim.MMCME2_ADV [\MMCME2_ADV(clkfbout_mult_f=10.0...]
Compiling architecture structure of entity xil_defaultlib.clock_generator [clock_generator_default]
Compiling architecture lut5_v of entity unisim.LUT5 [\LUT5(init="00010001000100010000...]
Compiling architecture lut6_v of entity unisim.LUT6 [\LUT6(init="00001010000010100000...]
Compiling architecture lut6_v of entity unisim.LUT6 [\LUT6(init="11111000111111111111...]
Compiling architecture lut1_v of entity unisim.LUT1 [\LUT1(init="0010")(0,3)\]
Compiling architecture lut3_v of entity unisim.LUT3 [\LUT3(init="10111000")(0,7)\]
Compiling architecture rb36_internal_vhdl_v of entity unisim.RB36_INTERNAL_VHDL [\RB36_INTERNAL_VHDL(init_a="0000...]
Compiling architecture ramb36e1_v of entity unisim.RAMB36E1 [\RAMB36E1(read_width_a=36,read_w...]
Compiling architecture lut2_v of entity unisim.LUT2 [\LUT2(init="1011")(0,3)\]
Compiling architecture lut5_v of entity unisim.LUT5 [\LUT5(init="10111000101110111011...]
Compiling architecture lut1_v of entity unisim.LUT1 [\LUT1(init="0001")(0,3)\]
Compiling architecture fdpe_v of entity unisim.FDPE [fdpe_default]
Compiling architecture lut6_v of entity unisim.LUT6 [\LUT6(init="10010000000010010000...]
Compiling architecture lut3_v of entity unisim.LUT3 [\LUT3(init="11111000")(0,7)\]
Compiling architecture carry4_v of entity unisim.CARRY4 [carry4_default]
Compiling architecture lut2_v of entity unisim.LUT2 [\LUT2(init="1001")(0,3)\]
Compiling architecture fdce_v of entity unisim.FDCE [fdce_default]
Compiling architecture lut3_v of entity unisim.LUT3 [\LUT3(init="01111000")(0,7)\]
Compiling architecture lut4_v of entity unisim.LUT4 [\LUT4(init="0111111110000000")(0...]
Compiling architecture lut5_v of entity unisim.LUT5 [\LUT5(init="01111111111111111000...]
Compiling architecture lut6_v of entity unisim.LUT6 [\LUT6(init="01111111111111111111...]
Compiling architecture lut3_v of entity unisim.LUT3 [\LUT3(init="11010010")(0,7)\]
Compiling architecture lut4_v of entity unisim.LUT4 [\LUT4(init="1101111100100000")(0...]
Compiling architecture lut5_v of entity unisim.LUT5 [\LUT5(init="11110111111111110000...]
Compiling architecture lut6_v of entity unisim.LUT6 [\LUT6(init="01111111111111111111...]
Compiling architecture lut2_v of entity unisim.LUT2 [\LUT2(init="0110")(0,3)\]
Compiling architecture structure of entity xil_defaultlib.async_fifo_95 [async_fifo_95_default]
Compiling architecture structure of entity xil_defaultlib.FifoBuffer_89 [fifobuffer_89_default]
Compiling architecture structure of entity xil_defaultlib.async_fifo_104 [async_fifo_104_default]
Compiling architecture structure of entity xil_defaultlib.FifoBuffer_84 [fifobuffer_84_default]
Compiling architecture structure of entity xil_defaultlib.async_fifo_96 [async_fifo_96_default]
Compiling architecture structure of entity xil_defaultlib.FifoBuffer_88 [fifobuffer_88_default]
Compiling architecture lut3_v of entity unisim.LUT3 [\LUT3(init="11100010")(0,7)\]
Compiling architecture lut5_v of entity unisim.LUT5 [\LUT5(init="11100010111111111110...]
Compiling architecture structure of entity xil_defaultlib.async_fifo_91 [async_fifo_91_default]
Compiling architecture structure of entity xil_defaultlib.FifoBuffer_90 [fifobuffer_90_default]
Compiling architecture lut6_v of entity unisim.LUT6 [\LUT6(init="00000000000000001010...]
Compiling architecture lut6_v of entity unisim.LUT6 [\LUT6(init="10101000101010001010...]
Compiling architecture lut5_v of entity unisim.LUT5 [\LUT5(init="11111111111111111111...]
Compiling architecture muxf7_v of entity unisim.MUXF7 [muxf7_default]
Compiling architecture lut6_v of entity unisim.LUT6 [\LUT6(init="00000000010000001111...]
Compiling architecture lut6_v of entity unisim.LUT6 [\LUT6(init="00000000000000000000...]
Compiling architecture lut2_v of entity unisim.LUT2 [\LUT2(init="1000")(0,3)\]
Compiling architecture lut4_v of entity unisim.LUT4 [\LUT4(init="0000000000000100")(0...]
Compiling architecture lut3_v of entity unisim.LUT3 [\LUT3(init="11001010")(0,7)\]
Compiling architecture lut2_v of entity unisim.LUT2 [\LUT2(init="0001")(0,3)\]
Compiling architecture lut6_v of entity unisim.LUT6 [\LUT6(init="00000000000000000000...]
Compiling architecture lut5_v of entity unisim.LUT5 [\LUT5(init="10111011100010001011...]
Compiling architecture lut5_v of entity unisim.LUT5 [\LUT5(init="10000000000000000000...]
Compiling architecture lut5_v of entity unisim.LUT5 [\LUT5(init="00000000000000000000...]
Compiling architecture lut5_v of entity unisim.LUT5 [\LUT5(init="00000000000000000000...]
Compiling architecture lut5_v of entity unisim.LUT5 [\LUT5(init="00000000010000000000...]
Compiling architecture lut6_v of entity unisim.LUT6 [\LUT6(init="00000000001101010000...]
Compiling architecture lut5_v of entity unisim.LUT5 [\LUT5(init="00000000010001010000...]
Compiling architecture lut5_v of entity unisim.LUT5 [\LUT5(init="11111010111111111111...]
Compiling architecture lut5_v of entity unisim.LUT5 [\LUT5(init="11111111110011001111...]
Compiling architecture lut6_v of entity unisim.LUT6 [\LUT6(init="00000000001000101100...]
Compiling architecture lut4_v of entity unisim.LUT4 [\LUT4(init="1110111111101010")(0...]
Compiling architecture lut6_v of entity unisim.LUT6 [\LUT6(init="10001000100010001000...]
Compiling architecture lut6_v of entity unisim.LUT6 [\LUT6(init="10000000100000001000...]
Compiling architecture lut6_v of entity unisim.LUT6 [\LUT6(init="00000000000000000000...]
Compiling architecture lut6_v of entity unisim.LUT6 [\LUT6(init="01010000000000000101...]
Compiling architecture lut5_v of entity unisim.LUT5 [\LUT5(init="00000000000000000000...]
Compiling architecture lut4_v of entity unisim.LUT4 [\LUT4(init="0000000000000001")(0...]
Compiling architecture lut4_v of entity unisim.LUT4 [\LUT4(init="1000100010111000")(0...]
Compiling architecture lut6_v of entity unisim.LUT6 [\LUT6(init="00000000000000000000...]
Compiling architecture structure of entity xil_defaultlib.async_fifo_97 [async_fifo_97_default]
Compiling architecture structure of entity xil_defaultlib.FifoBuffer_87 [fifobuffer_87_default]
Compiling architecture structure of entity xil_defaultlib.async_fifo_100 [async_fifo_100_default]
Compiling architecture structure of entity xil_defaultlib.FifoBuffer_85 [fifobuffer_85_default]
Compiling architecture structure of entity xil_defaultlib.async_fifo_98 [async_fifo_98_default]
Compiling architecture structure of entity xil_defaultlib.FifoBuffer_86 [fifobuffer_86_default]
Compiling architecture lut3_v of entity unisim.LUT3 [\LUT3(init="11001000")(0,7)\]
Compiling architecture lut5_v of entity unisim.LUT5 [\LUT5(init="00010001000100010000...]
Compiling architecture lut6_v of entity unisim.LUT6 [\LUT6(init="00000000000001001111...]
Compiling architecture lut6_v of entity unisim.LUT6 [\LUT6(init="00000000000000000000...]
Compiling architecture lut4_v of entity unisim.LUT4 [\LUT4(init="0111011110110011")(0...]
Compiling architecture lut4_v of entity unisim.LUT4 [\LUT4(init="1111001101110011")(0...]
Compiling architecture lut5_v of entity unisim.LUT5 [\LUT5(init="01000000000000000000...]
Compiling architecture lut5_v of entity unisim.LUT5 [\LUT5(init="00000000000000001000...]
Compiling architecture lut5_v of entity unisim.LUT5 [\LUT5(init="00000000000000000010...]
Compiling architecture lut5_v of entity unisim.LUT5 [\LUT5(init="00000000000000000000...]
Compiling architecture lut5_v of entity unisim.LUT5 [\LUT5(init="00000000000000000000...]
Compiling architecture lut4_v of entity unisim.LUT4 [\LUT4(init="0000000011010000")(0...]
Compiling architecture lut6_v of entity unisim.LUT6 [\LUT6(init="00000000000000000000...]
Compiling architecture lut6_v of entity unisim.LUT6 [\LUT6(init="10000000000000000000...]
Compiling architecture lut3_v of entity unisim.LUT3 [\LUT3(init="11101011")(0,7)\]
Compiling architecture lut4_v of entity unisim.LUT4 [\LUT4(init="1111111010101011")(0...]
Compiling architecture lut5_v of entity unisim.LUT5 [\LUT5(init="11111111111111101010...]
Compiling architecture lut6_v of entity unisim.LUT6 [\LUT6(init="11111111111111111111...]
Compiling architecture lut3_v of entity unisim.LUT3 [\LUT3(init="10111110")(0,7)\]
Compiling architecture lut4_v of entity unisim.LUT4 [\LUT4(init="1111111111111101")(0...]
Compiling architecture lut4_v of entity unisim.LUT4 [\LUT4(init="1111101110101110")(0...]
Compiling architecture lut5_v of entity unisim.LUT5 [\LUT5(init="00000000000000000000...]
Compiling architecture lut6_v of entity unisim.LUT6 [\LUT6(init="00000000000000000000...]
Compiling architecture lut2_v of entity unisim.LUT2 [\LUT2(init="0010")(0,3)\]
Compiling architecture lut6_v of entity unisim.LUT6 [\LUT6(init="00000000000000000000...]
Compiling architecture lut6_v of entity unisim.LUT6 [\LUT6(init="11111111111111111111...]
Compiling architecture lut6_v of entity unisim.LUT6 [\LUT6(init="11111111111111110010...]
Compiling architecture lut5_v of entity unisim.LUT5 [\LUT5(init="00000100111101111111...]
Compiling architecture lut3_v of entity unisim.LUT3 [\LUT3(init="00000100")(0,7)\]
Compiling architecture lut4_v of entity unisim.LUT4 [\LUT4(init="1111111111001000")(0...]
Compiling architecture lut4_v of entity unisim.LUT4 [\LUT4(init="0011111100001000")(0...]
Compiling architecture lut5_v of entity unisim.LUT5 [\LUT5(init="11111111111111111111...]
Compiling architecture lut2_v of entity unisim.LUT2 [\LUT2(init="0100")(0,3)\]
Compiling architecture lut6_v of entity unisim.LUT6 [\LUT6(init="10101111101011111010...]
Compiling architecture lut5_v of entity unisim.LUT5 [\LUT5(init="10001111100000001000...]
Compiling architecture lut6_v of entity unisim.LUT6 [\LUT6(init="00000000000000101111...]
Compiling architecture lut6_v of entity unisim.LUT6 [\LUT6(init="11111111111111110000...]
Compiling architecture lut2_v of entity unisim.LUT2 [\LUT2(init="0111")(0,3)\]
Compiling architecture lut6_v of entity unisim.LUT6 [\LUT6(init="01000000010000000100...]
Compiling architecture lut5_v of entity unisim.LUT5 [\LUT5(init="11110000000000001111...]
Compiling architecture lut4_v of entity unisim.LUT4 [\LUT4(init="0000000000010000")(0...]
Compiling architecture lut6_v of entity unisim.LUT6 [\LUT6(init="11111111111111111111...]
Compiling architecture structure of entity xil_defaultlib.or1200_wb_biu [or1200_wb_biu_default]
Compiling architecture lut6_v of entity unisim.LUT6 [\LUT6(init="11111111111111110000...]
Compiling architecture lut6_v of entity unisim.LUT6 [\LUT6(init="00000000000010001111...]
Compiling architecture lut4_v of entity unisim.LUT4 [\LUT4(init="0101100011111111")(0...]
Compiling architecture lut4_v of entity unisim.LUT4 [\LUT4(init="1100010011111111")(0...]
Compiling architecture lut5_v of entity unisim.LUT5 [\LUT5(init="01000101010001010100...]
Compiling architecture lut4_v of entity unisim.LUT4 [\LUT4(init="0100010000000100")(0...]
Compiling architecture lut4_v of entity unisim.LUT4 [\LUT4(init="1110111011101011")(0...]
Compiling architecture lut5_v of entity unisim.LUT5 [\LUT5(init="11101110111011101110...]
Compiling architecture lut6_v of entity unisim.LUT6 [\LUT6(init="11101110111011101110...]
Compiling architecture lut5_v of entity unisim.LUT5 [\LUT5(init="11111111111111111111...]
Compiling architecture lut5_v of entity unisim.LUT5 [\LUT5(init="11111111111111111010...]
Compiling architecture lut4_v of entity unisim.LUT4 [\LUT4(init="1111111111111110")(0...]
Compiling architecture lut6_v of entity unisim.LUT6 [\LUT6(init="11111111111111111101...]
Compiling architecture lut6_v of entity unisim.LUT6 [\LUT6(init="11111111111111111111...]
Compiling architecture lut6_v of entity unisim.LUT6 [\LUT6(init="00000000000000001110...]
Compiling architecture lut4_v of entity unisim.LUT4 [\LUT4(init="0111011101000000")(0...]
Compiling architecture lut2_v of entity unisim.LUT2 [\LUT2(init="1110")(0,3)\]
Compiling architecture lut6_v of entity unisim.LUT6 [\LUT6(init="00000000000000000000...]
Compiling architecture structure of entity xil_defaultlib.or1200_iwb_biu [or1200_iwb_biu_default]
Compiling architecture lut6_v of entity unisim.LUT6 [\LUT6(init="11111111100000001111...]
Compiling architecture lut6_v of entity unisim.LUT6 [\LUT6(init="00000000111000101111...]
Compiling architecture lut6_v of entity unisim.LUT6 [\LUT6(init="10101110101011101010...]
Compiling architecture lut4_v of entity unisim.LUT4 [\LUT4(init="1011000010111000")(0...]
Compiling architecture lut3_v of entity unisim.LUT3 [\LUT3(init="00000001")(0,7)\]
Compiling architecture lut4_v of entity unisim.LUT4 [\LUT4(init="1110010000000000")(0...]
Compiling architecture lut5_v of entity unisim.LUT5 [\LUT5(init="11111111000011010000...]
Compiling architecture lut3_v of entity unisim.LUT3 [\LUT3(init="00001000")(0,7)\]
Compiling architecture lut5_v of entity unisim.LUT5 [\LUT5(init="11100100111111111110...]
Compiling architecture lut4_v of entity unisim.LUT4 [\LUT4(init="1000111110000000")(0...]
Compiling architecture lut6_v of entity unisim.LUT6 [\LUT6(init="00000000000010000000...]
Compiling architecture lut5_v of entity unisim.LUT5 [\LUT5(init="00001000111111110000...]
Compiling architecture lut5_v of entity unisim.LUT5 [\LUT5(init="00110000101110110011...]
Compiling architecture lut6_v of entity unisim.LUT6 [\LUT6(init="00000000000000000000...]
Compiling architecture lut4_v of entity unisim.LUT4 [\LUT4(init="0000001000000000")(0...]
Compiling architecture lut5_v of entity unisim.LUT5 [\LUT5(init="00000000000000100000...]
Compiling architecture lut4_v of entity unisim.LUT4 [\LUT4(init="0010111100000010")(0...]
Compiling architecture lut3_v of entity unisim.LUT3 [\LUT3(init="10000010")(0,7)\]
Compiling architecture lut4_v of entity unisim.LUT4 [\LUT4(init="1001000000001001")(0...]
Compiling architecture lut6_v of entity unisim.LUT6 [\LUT6(init="11100100111001001110...]
Compiling architecture lut4_v of entity unisim.LUT4 [\LUT4(init="1111011000000110")(0...]
Compiling architecture lut5_v of entity unisim.LUT5 [\LUT5(init="10111000111111111011...]
Compiling architecture lut3_v of entity unisim.LUT3 [\LUT3(init="11100100")(0,7)\]
Compiling architecture lut4_v of entity unisim.LUT4 [\LUT4(init="1111100001110000")(0...]
Compiling architecture lut3_v of entity unisim.LUT3 [\LUT3(init="11110001")(0,7)\]
Compiling architecture lut6_v of entity unisim.LUT6 [\LUT6(init="00000000000000000000...]
Compiling architecture lut5_v of entity unisim.LUT5 [\LUT5(init="11111111010000001111...]
Compiling architecture lut6_v of entity unisim.LUT6 [\LUT6(init="11111111010000001111...]
Compiling architecture lut5_v of entity unisim.LUT5 [\LUT5(init="10101010100010101010...]
Compiling architecture lut5_v of entity unisim.LUT5 [\LUT5(init="11111111111001000000...]
Compiling architecture lut5_v of entity unisim.LUT5 [\LUT5(init="11111111111111110000...]
Compiling architecture lut3_v of entity unisim.LUT3 [\LUT3(init="11110100")(0,7)\]
Compiling architecture lut6_v of entity unisim.LUT6 [\LUT6(init="10000000000000000000...]
Compiling architecture lut6_v of entity unisim.LUT6 [\LUT6(init="00000000000000000000...]
Compiling architecture lut6_v of entity unisim.LUT6 [\LUT6(init="11111110000011101111...]
Compiling architecture lut3_v of entity unisim.LUT3 [\LUT3(init="00001110")(0,7)\]
Compiling architecture lut6_v of entity unisim.LUT6 [\LUT6(init="00000000000000000000...]
Compiling architecture lut3_v of entity unisim.LUT3 [\LUT3(init="11110010")(0,7)\]
Compiling architecture lut5_v of entity unisim.LUT5 [\LUT5(init="00000000000000001111...]
Compiling architecture lut6_v of entity unisim.LUT6 [\LUT6(init="11111111111111111100...]
Compiling architecture lut6_v of entity unisim.LUT6 [\LUT6(init="11111111111111110100...]
Compiling architecture lut4_v of entity unisim.LUT4 [\LUT4(init="1111111100011011")(0...]
Compiling architecture lut6_v of entity unisim.LUT6 [\LUT6(init="11111111111111111111...]
Compiling architecture lut6_v of entity unisim.LUT6 [\LUT6(init="11110000111100001111...]
Compiling architecture lut4_v of entity unisim.LUT4 [\LUT4(init="1110101100101000")(0...]
Compiling architecture lut5_v of entity unisim.LUT5 [\LUT5(init="11111111111111110100...]
Compiling architecture lut6_v of entity unisim.LUT6 [\LUT6(init="11111111100000000000...]
Compiling architecture lut6_v of entity unisim.LUT6 [\LUT6(init="00000000000000000000...]
Compiling architecture lut5_v of entity unisim.LUT5 [\LUT5(init="10001111111111111000...]
Compiling architecture lut6_v of entity unisim.LUT6 [\LUT6(init="11111111111111111111...]
Compiling architecture lut6_v of entity unisim.LUT6 [\LUT6(init="11110000011100001111...]
Compiling architecture lut6_v of entity unisim.LUT6 [\LUT6(init="11111111101010100101...]
Compiling architecture lut6_v of entity unisim.LUT6 [\LUT6(init="11111111111000000000...]
Compiling architecture lut5_v of entity unisim.LUT5 [\LUT5(init="11111111111111111000...]
Compiling architecture lut5_v of entity unisim.LUT5 [\LUT5(init="01111111111111110000...]
Compiling architecture lut6_v of entity unisim.LUT6 [\LUT6(init="11101011111010001110...]
Compiling architecture lut6_v of entity unisim.LUT6 [\LUT6(init="11111111111110000000...]
Compiling architecture lut6_v of entity unisim.LUT6 [\LUT6(init="10101111101000001100...]
Compiling architecture lut4_v of entity unisim.LUT4 [\LUT4(init="0000000010111000")(0...]
Compiling architecture lut6_v of entity unisim.LUT6 [\LUT6(init="11111111111111100000...]
Compiling architecture lut6_v of entity unisim.LUT6 [\LUT6(init="11111111111111111111...]
Compiling architecture lut6_v of entity unisim.LUT6 [\LUT6(init="10101010101010101010...]
Compiling architecture lut6_v of entity unisim.LUT6 [\LUT6(init="10111000101110001011...]
Compiling architecture lut4_v of entity unisim.LUT4 [\LUT4(init="1111100011110000")(0...]
Compiling architecture lut6_v of entity unisim.LUT6 [\LUT6(init="00000000000000000000...]
Compiling architecture lut5_v of entity unisim.LUT5 [\LUT5(init="10101010101010101010...]
Compiling architecture lut6_v of entity unisim.LUT6 [\LUT6(init="00000000111100000001...]
Compiling architecture lut6_v of entity unisim.LUT6 [\LUT6(init="00000000000000000000...]
Compiling architecture lut5_v of entity unisim.LUT5 [\LUT5(init="10101010101010101000...]
Compiling architecture lut3_v of entity unisim.LUT3 [\LUT3(init="11101111")(0,7)\]
Compiling architecture lut4_v of entity unisim.LUT4 [\LUT4(init="0010111100100000")(0...]
Compiling architecture lut5_v of entity unisim.LUT5 [\LUT5(init="00001100010111010000...]
Compiling architecture lut6_v of entity unisim.LUT6 [\LUT6(init="10101010101010101010...]
Compiling architecture lut6_v of entity unisim.LUT6 [\LUT6(init="11111111111111111111...]
Compiling architecture lut5_v of entity unisim.LUT5 [\LUT5(init="00000000000000000000...]
Compiling architecture lut3_v of entity unisim.LUT3 [\LUT3(init="00011110")(0,7)\]
Compiling architecture lut6_v of entity unisim.LUT6 [\LUT6(init="11111111111000101110...]
Compiling architecture lut6_v of entity unisim.LUT6 [\LUT6(init="10001000100010001000...]
Compiling architecture lut6_v of entity unisim.LUT6 [\LUT6(init="00000000111100001011...]
Compiling architecture lut5_v of entity unisim.LUT5 [\LUT5(init="11111111111111110000...]
Compiling architecture lut5_v of entity unisim.LUT5 [\LUT5(init="11110000011100001111...]
Compiling architecture lut6_v of entity unisim.LUT6 [\LUT6(init="10101010101010101000...]
Compiling architecture lut6_v of entity unisim.LUT6 [\LUT6(init="11111111111111111111...]
Compiling architecture lut6_v of entity unisim.LUT6 [\LUT6(init="00000000000000000000...]
Compiling architecture lut6_v of entity unisim.LUT6 [\LUT6(init="11100000000000000000...]
Compiling architecture lut6_v of entity unisim.LUT6 [\LUT6(init="00000000000000000000...]
Compiling architecture lut4_v of entity unisim.LUT4 [\LUT4(init="0000000000001000")(0...]
Compiling architecture lut4_v of entity unisim.LUT4 [\LUT4(init="0000000010000000")(0...]
Compiling architecture lut6_v of entity unisim.LUT6 [\LUT6(init="11111111111111111111...]
Compiling architecture lut5_v of entity unisim.LUT5 [\LUT5(init="11111111111110001111...]
Compiling architecture lut6_v of entity unisim.LUT6 [\LUT6(init="00010000000100000001...]
Compiling architecture lut6_v of entity unisim.LUT6 [\LUT6(init="11111111000000001111...]
Compiling architecture lut6_v of entity unisim.LUT6 [\LUT6(init="00000000000000000000...]
Compiling architecture lut6_v of entity unisim.LUT6 [\LUT6(init="11111111111111111111...]
Compiling architecture lut6_v of entity unisim.LUT6 [\LUT6(init="11001100110011001100...]
Compiling architecture lut6_v of entity unisim.LUT6 [\LUT6(init="11101110111011101110...]
Compiling architecture lut6_v of entity unisim.LUT6 [\LUT6(init="10101010101010101010...]
Compiling architecture lut6_v of entity unisim.LUT6 [\LUT6(init="11111000000000000000...]
Compiling architecture lut4_v of entity unisim.LUT4 [\LUT4(init="1110111111101110")(0...]
Compiling architecture lut6_v of entity unisim.LUT6 [\LUT6(init="00000000000011110000...]
Compiling architecture lut3_v of entity unisim.LUT3 [\LUT3(init="11111110")(0,7)\]
Compiling architecture lut6_v of entity unisim.LUT6 [\LUT6(init="11101110111011111110...]
Compiling architecture lut4_v of entity unisim.LUT4 [\LUT4(init="0000000111111110")(0...]
Compiling architecture lut5_v of entity unisim.LUT5 [\LUT5(init="00000000000000011111...]
Compiling architecture lut6_v of entity unisim.LUT6 [\LUT6(init="11111110000000000000...]
Compiling architecture structure of entity xil_defaultlib.or1200_alu [or1200_alu_default]
Compiling architecture lut6_v of entity unisim.LUT6 [\LUT6(init="00000000000000001011...]
Compiling architecture lut5_v of entity unisim.LUT5 [\LUT5(init="00001000000010000000...]
Compiling architecture lut3_v of entity unisim.LUT3 [\LUT3(init="00010000")(0,7)\]
Compiling architecture lut6_v of entity unisim.LUT6 [\LUT6(init="00000000000000000100...]
Compiling architecture lut5_v of entity unisim.LUT5 [\LUT5(init="11111111111111111110...]
Compiling architecture lut6_v of entity unisim.LUT6 [\LUT6(init="11111111111111111111...]
Compiling architecture lut4_v of entity unisim.LUT4 [\LUT4(init="1000011110110100")(0...]
Compiling architecture lut4_v of entity unisim.LUT4 [\LUT4(init="0000000101010001")(0...]
Compiling architecture lut6_v of entity unisim.LUT6 [\LUT6(init="10111111111111101011...]
Compiling architecture lut5_v of entity unisim.LUT5 [\LUT5(init="10101111111111111011...]
Compiling architecture lut6_v of entity unisim.LUT6 [\LUT6(init="00000000000000000000...]
Compiling architecture lut6_v of entity unisim.LUT6 [\LUT6(init="00000000000000000000...]
Compiling architecture lut6_v of entity unisim.LUT6 [\LUT6(init="11101111111011111110...]
Compiling architecture lut6_v of entity unisim.LUT6 [\LUT6(init="00010001000100010001...]
Compiling architecture lut6_v of entity unisim.LUT6 [\LUT6(init="00000000000001110111...]
Compiling architecture lut6_v of entity unisim.LUT6 [\LUT6(init="00000000000001110000...]
Compiling architecture lut6_v of entity unisim.LUT6 [\LUT6(init="00000000000001110000...]
Compiling architecture lut6_v of entity unisim.LUT6 [\LUT6(init="00000000000000000001...]
Compiling architecture lut6_v of entity unisim.LUT6 [\LUT6(init="00000000000000000000...]
Compiling architecture lut5_v of entity unisim.LUT5 [\LUT5(init="00000000000000000000...]
Compiling architecture lut6_v of entity unisim.LUT6 [\LUT6(init="00000000000000000000...]
Compiling architecture lut5_v of entity unisim.LUT5 [\LUT5(init="00000000000000000000...]
Compiling architecture lut6_v of entity unisim.LUT6 [\LUT6(init="00000000000000000000...]
Compiling architecture lut6_v of entity unisim.LUT6 [\LUT6(init="00000000000000000000...]
Compiling architecture lut3_v of entity unisim.LUT3 [\LUT3(init="11110111")(0,7)\]
Compiling architecture lut6_v of entity unisim.LUT6 [\LUT6(init="01010101010101010101...]
Compiling architecture lut5_v of entity unisim.LUT5 [\LUT5(init="11111011101111111111...]
Compiling architecture lut4_v of entity unisim.LUT4 [\LUT4(init="0000011101110111")(0...]
Compiling architecture lut5_v of entity unisim.LUT5 [\LUT5(init="11111111111111110000...]
Compiling architecture lut6_v of entity unisim.LUT6 [\LUT6(init="00000000000000000000...]
Compiling architecture lut3_v of entity unisim.LUT3 [\LUT3(init="00100000")(0,7)\]
Compiling architecture lut6_v of entity unisim.LUT6 [\LUT6(init="00000000000000000000...]
Compiling architecture lut6_v of entity unisim.LUT6 [\LUT6(init="00000000000000000000...]
Compiling architecture lut6_v of entity unisim.LUT6 [\LUT6(init="00000000001000100000...]
Compiling architecture lut6_v of entity unisim.LUT6 [\LUT6(init="11111111111111111111...]
Compiling architecture lut6_v of entity unisim.LUT6 [\LUT6(init="11111111111111111111...]
Compiling architecture lut6_v of entity unisim.LUT6 [\LUT6(init="01000100010001000100...]
Compiling architecture lut5_v of entity unisim.LUT5 [\LUT5(init="11111111111111111111...]
Compiling architecture lut6_v of entity unisim.LUT6 [\LUT6(init="11111111111111111111...]
Compiling architecture lut6_v of entity unisim.LUT6 [\LUT6(init="00100010111100101111...]
Compiling architecture lut5_v of entity unisim.LUT5 [\LUT5(init="11111111101111110000...]
Compiling architecture lut6_v of entity unisim.LUT6 [\LUT6(init="10111011101110111011...]
Compiling architecture lut5_v of entity unisim.LUT5 [\LUT5(init="11111111111111111111...]
Compiling architecture lut6_v of entity unisim.LUT6 [\LUT6(init="00000000000000000000...]
Compiling architecture lut6_v of entity unisim.LUT6 [\LUT6(init="11111111111111111111...]
Compiling architecture lut6_v of entity unisim.LUT6 [\LUT6(init="11111111111111111111...]
Compiling architecture lut5_v of entity unisim.LUT5 [\LUT5(init="00000000000000001111...]
Compiling architecture lut5_v of entity unisim.LUT5 [\LUT5(init="00000000000000001100...]
Compiling architecture lut6_v of entity unisim.LUT6 [\LUT6(init="00000000000000000010...]
Compiling architecture lut6_v of entity unisim.LUT6 [\LUT6(init="00111111000000000010...]
Compiling architecture lut6_v of entity unisim.LUT6 [\LUT6(init="11000100110001011000...]
Compiling architecture lut6_v of entity unisim.LUT6 [\LUT6(init="00000000000000000000...]
Compiling architecture lut5_v of entity unisim.LUT5 [\LUT5(init="00000000001000100000...]
Compiling architecture lut6_v of entity unisim.LUT6 [\LUT6(init="00001101000011010000...]
Compiling architecture lut4_v of entity unisim.LUT4 [\LUT4(init="1111000011100000")(0...]
Compiling architecture lut5_v of entity unisim.LUT5 [\LUT5(init="11111111111111111011...]
Compiling architecture lut6_v of entity unisim.LUT6 [\LUT6(init="11111111111111111111...]
Compiling architecture lut6_v of entity unisim.LUT6 [\LUT6(init="11111111111111111111...]
Compiling architecture lut6_v of entity unisim.LUT6 [\LUT6(init="11111111111111111011...]
Compiling architecture lut4_v of entity unisim.LUT4 [\LUT4(init="1111100010001000")(0...]
Compiling architecture lut6_v of entity unisim.LUT6 [\LUT6(init="10101010111111101010...]
Compiling architecture lut5_v of entity unisim.LUT5 [\LUT5(init="11111111111111111111...]
Compiling architecture lut6_v of entity unisim.LUT6 [\LUT6(init="11111111111111111111...]
Compiling architecture lut3_v of entity unisim.LUT3 [\LUT3(init="10010101")(0,7)\]
Compiling architecture lut6_v of entity unisim.LUT6 [\LUT6(init="00000000000000000000...]
Compiling architecture lut5_v of entity unisim.LUT5 [\LUT5(init="00000000000000000000...]
Compiling architecture lut6_v of entity unisim.LUT6 [\LUT6(init="00000000000000000000...]
Compiling architecture lut6_v of entity unisim.LUT6 [\LUT6(init="11111111111111111111...]
Compiling architecture lut6_v of entity unisim.LUT6 [\LUT6(init="01000000010000000100...]
Compiling architecture lut5_v of entity unisim.LUT5 [\LUT5(init="11111111111111011111...]
Compiling architecture lut3_v of entity unisim.LUT3 [\LUT3(init="11111101")(0,7)\]
Compiling architecture lut5_v of entity unisim.LUT5 [\LUT5(init="01001111010001000000...]
Compiling architecture lut6_v of entity unisim.LUT6 [\LUT6(init="11010101110101011101...]
Compiling architecture lut6_v of entity unisim.LUT6 [\LUT6(init="00100000000000000000...]
Compiling architecture lut4_v of entity unisim.LUT4 [\LUT4(init="0000000000000010")(0...]
Compiling architecture lut6_v of entity unisim.LUT6 [\LUT6(init="00100010000000000010...]
Compiling architecture lut6_v of entity unisim.LUT6 [\LUT6(init="11111111111111111111...]
Compiling architecture lut4_v of entity unisim.LUT4 [\LUT4(init="0100000000000000")(0...]
Compiling architecture lut5_v of entity unisim.LUT5 [\LUT5(init="00100010000000001111...]
Compiling architecture lut6_v of entity unisim.LUT6 [\LUT6(init="01011101010101010101...]
Compiling architecture lut5_v of entity unisim.LUT5 [\LUT5(init="01000100000000001111...]
Compiling architecture lut6_v of entity unisim.LUT6 [\LUT6(init="00001111000000000000...]
Compiling architecture lut6_v of entity unisim.LUT6 [\LUT6(init="00000010000000000000...]
Compiling architecture lut6_v of entity unisim.LUT6 [\LUT6(init="10111010101010100011...]
Compiling architecture lut6_v of entity unisim.LUT6 [\LUT6(init="01000000010000000100...]
Compiling architecture lut5_v of entity unisim.LUT5 [\LUT5(init="11101111111111111111...]
Compiling architecture lut5_v of entity unisim.LUT5 [\LUT5(init="11111111111111101111...]
Compiling architecture lut3_v of entity unisim.LUT3 [\LUT3(init="11101010")(0,7)\]
Compiling architecture lut6_v of entity unisim.LUT6 [\LUT6(init="11111000111111111111...]
Compiling architecture lut6_v of entity unisim.LUT6 [\LUT6(init="11111111111111111111...]
Compiling architecture lut6_v of entity unisim.LUT6 [\LUT6(init="10101010101010101010...]
Compiling architecture lut6_v of entity unisim.LUT6 [\LUT6(init="11111111111111111111...]
Compiling architecture lut6_v of entity unisim.LUT6 [\LUT6(init="00000000000000000000...]
Compiling architecture lut6_v of entity unisim.LUT6 [\LUT6(init="00000000000000000000...]
Compiling architecture lut6_v of entity unisim.LUT6 [\LUT6(init="00000000010001111111...]
Compiling architecture lut6_v of entity unisim.LUT6 [\LUT6(init="00000000000000000010...]
Compiling architecture lut5_v of entity unisim.LUT5 [\LUT5(init="00000010000000100000...]
Compiling architecture lut6_v of entity unisim.LUT6 [\LUT6(init="00000000001010100000...]
Compiling architecture lut6_v of entity unisim.LUT6 [\LUT6(init="11010000000000000000...]
Compiling architecture lut6_v of entity unisim.LUT6 [\LUT6(init="10101011111110111111...]
Compiling architecture lut6_v of entity unisim.LUT6 [\LUT6(init="10000000100010000000...]
Compiling architecture lut6_v of entity unisim.LUT6 [\LUT6(init="11010000110111011101...]
Compiling architecture lut6_v of entity unisim.LUT6 [\LUT6(init="11011101110111010000...]
Compiling architecture lut6_v of entity unisim.LUT6 [\LUT6(init="00000000000000001111...]
Compiling architecture lut5_v of entity unisim.LUT5 [\LUT5(init="10100010101000100000...]
Compiling architecture lut5_v of entity unisim.LUT5 [\LUT5(init="11011101000011010000...]
Compiling architecture lut6_v of entity unisim.LUT6 [\LUT6(init="11001100000111011111...]
Compiling architecture lut6_v of entity unisim.LUT6 [\LUT6(init="00000001111111010000...]
Compiling architecture lut5_v of entity unisim.LUT5 [\LUT5(init="00000100000001001111...]
Compiling architecture lut5_v of entity unisim.LUT5 [\LUT5(init="10101011101010111111...]
Compiling architecture lut6_v of entity unisim.LUT6 [\LUT6(init="11110001111000001111...]
Compiling architecture lut6_v of entity unisim.LUT6 [\LUT6(init="10101010101010101010...]
Compiling architecture lut3_v of entity unisim.LUT3 [\LUT3(init="01001111")(0,7)\]
Compiling architecture lut5_v of entity unisim.LUT5 [\LUT5(init="11111111101100000100...]
Compiling architecture lut5_v of entity unisim.LUT5 [\LUT5(init="00000000000000010000...]
Compiling architecture lut6_v of entity unisim.LUT6 [\LUT6(init="00001000000010000000...]
Compiling architecture lut6_v of entity unisim.LUT6 [\LUT6(init="11111111111111111111...]
Compiling architecture lut6_v of entity unisim.LUT6 [\LUT6(init="00000000000000000000...]
Compiling architecture lut6_v of entity unisim.LUT6 [\LUT6(init="00000000000000000000...]
Compiling architecture lut6_v of entity unisim.LUT6 [\LUT6(init="00000000000000000000...]
Compiling architecture lut5_v of entity unisim.LUT5 [\LUT5(init="11111111111111110000...]
Compiling architecture lut6_v of entity unisim.LUT6 [\LUT6(init="00000000000000000000...]
Compiling architecture lut4_v of entity unisim.LUT4 [\LUT4(init="0001000000000000")(0...]
Compiling architecture lut5_v of entity unisim.LUT5 [\LUT5(init="00000000000000000100...]
Compiling architecture lut5_v of entity unisim.LUT5 [\LUT5(init="00000000000000000000...]
Compiling architecture lut6_v of entity unisim.LUT6 [\LUT6(init="10001011100010001011...]
Compiling architecture lut6_v of entity unisim.LUT6 [\LUT6(init="01000111010001000111...]
Compiling architecture lut6_v of entity unisim.LUT6 [\LUT6(init="11111111111111100000...]
Compiling architecture lut6_v of entity unisim.LUT6 [\LUT6(init="00000000111111110000...]
Compiling architecture lut6_v of entity unisim.LUT6 [\LUT6(init="00100000001000000000...]
Compiling architecture lut6_v of entity unisim.LUT6 [\LUT6(init="11110000111100001111...]
Compiling architecture lut6_v of entity unisim.LUT6 [\LUT6(init="00000000110000001000...]
Compiling architecture lut6_v of entity unisim.LUT6 [\LUT6(init="10001000100000000000...]
Compiling architecture lut6_v of entity unisim.LUT6 [\LUT6(init="00000000000000000000...]
Compiling architecture lut6_v of entity unisim.LUT6 [\LUT6(init="00000000000000000000...]
Compiling architecture lut6_v of entity unisim.LUT6 [\LUT6(init="00000000000000000000...]
Compiling architecture lut6_v of entity unisim.LUT6 [\LUT6(init="00000000000000100010...]
Compiling architecture lut6_v of entity unisim.LUT6 [\LUT6(init="00000000000000000000...]
Compiling architecture lut6_v of entity unisim.LUT6 [\LUT6(init="00000000000000000000...]
Compiling architecture lut6_v of entity unisim.LUT6 [\LUT6(init="00000000000000000000...]
Compiling architecture lut6_v of entity unisim.LUT6 [\LUT6(init="00000000000010001000...]
Compiling architecture lut6_v of entity unisim.LUT6 [\LUT6(init="00000000000000000000...]
Compiling architecture lut6_v of entity unisim.LUT6 [\LUT6(init="00000000000000000000...]
Compiling architecture lut6_v of entity unisim.LUT6 [\LUT6(init="00000000000000001111...]
Compiling architecture lut6_v of entity unisim.LUT6 [\LUT6(init="11111010111110101111...]
Compiling architecture lut6_v of entity unisim.LUT6 [\LUT6(init="00000000000000000000...]
Compiling architecture lut6_v of entity unisim.LUT6 [\LUT6(init="00000000000000000000...]
Compiling architecture lut6_v of entity unisim.LUT6 [\LUT6(init="00000000000000001010...]
Compiling architecture lut6_v of entity unisim.LUT6 [\LUT6(init="00000000000000000000...]
Compiling architecture lut6_v of entity unisim.LUT6 [\LUT6(init="00100000001000000010...]
Compiling architecture lut6_v of entity unisim.LUT6 [\LUT6(init="00000000000000000000...]
Compiling architecture lut6_v of entity unisim.LUT6 [\LUT6(init="01000100111101000100...]
Compiling architecture lut6_v of entity unisim.LUT6 [\LUT6(init="11111111111111111101...]
Compiling architecture lut5_v of entity unisim.LUT5 [\LUT5(init="11111101001100011110...]
Compiling architecture lut6_v of entity unisim.LUT6 [\LUT6(init="10010000000000000000...]
Compiling architecture lut6_v of entity unisim.LUT6 [\LUT6(init="10101010110011001010...]
Compiling architecture lut5_v of entity unisim.LUT5 [\LUT5(init="00000000000000000010...]
Compiling architecture lut3_v of entity unisim.LUT3 [\LUT3(init="01010100")(0,7)\]
Compiling architecture lut3_v of entity unisim.LUT3 [\LUT3(init="10111010")(0,7)\]
Compiling architecture lut4_v of entity unisim.LUT4 [\LUT4(init="0111011111011111")(0...]
Compiling architecture lut6_v of entity unisim.LUT6 [\LUT6(init="01001111010001000100...]
Compiling architecture lut4_v of entity unisim.LUT4 [\LUT4(init="0000010001100000")(0...]
Compiling architecture lut6_v of entity unisim.LUT6 [\LUT6(init="11111111111111111111...]
Compiling architecture lut6_v of entity unisim.LUT6 [\LUT6(init="11111111111111111111...]
Compiling architecture lut6_v of entity unisim.LUT6 [\LUT6(init="10101010101010101010...]
Compiling architecture lut5_v of entity unisim.LUT5 [\LUT5(init="11111111111111111101...]
Compiling architecture lut5_v of entity unisim.LUT5 [\LUT5(init="10001000100010001111...]
Compiling architecture lut5_v of entity unisim.LUT5 [\LUT5(init="11111111000010000000...]
Compiling architecture lut6_v of entity unisim.LUT6 [\LUT6(init="11111111111111111111...]
Compiling architecture lut6_v of entity unisim.LUT6 [\LUT6(init="00000000000000000000...]
Compiling architecture lut4_v of entity unisim.LUT4 [\LUT4(init="0000000010000111")(0...]
Compiling architecture lut6_v of entity unisim.LUT6 [\LUT6(init="00000000000000000000...]
Compiling architecture lut5_v of entity unisim.LUT5 [\LUT5(init="11111111110000001110...]
Compiling architecture lut6_v of entity unisim.LUT6 [\LUT6(init="11101110111011101110...]
Compiling architecture lut5_v of entity unisim.LUT5 [\LUT5(init="00000000000000000100...]
Compiling architecture lut4_v of entity unisim.LUT4 [\LUT4(init="0100001001001000")(0...]
Compiling architecture lut4_v of entity unisim.LUT4 [\LUT4(init="1111111101000000")(0...]
Compiling architecture lut5_v of entity unisim.LUT5 [\LUT5(init="01010101010101011101...]
Compiling architecture lut6_v of entity unisim.LUT6 [\LUT6(init="00000000000000000000...]
Compiling architecture lut6_v of entity unisim.LUT6 [\LUT6(init="00000000000000000000...]
Compiling architecture lut5_v of entity unisim.LUT5 [\LUT5(init="00000000001000000000...]
Compiling architecture lut6_v of entity unisim.LUT6 [\LUT6(init="11111111111111111111...]
Compiling architecture lut5_v of entity unisim.LUT5 [\LUT5(init="10101010101010101000...]
Compiling architecture lut3_v of entity unisim.LUT3 [\LUT3(init="11111011")(0,7)\]
Compiling architecture lut6_v of entity unisim.LUT6 [\LUT6(init="00000000000000000000...]
Compiling architecture lut6_v of entity unisim.LUT6 [\LUT6(init="00010101000100010001...]
Compiling architecture lut6_v of entity unisim.LUT6 [\LUT6(init="00000000000000000000...]
Compiling architecture lut6_v of entity unisim.LUT6 [\LUT6(init="00000000000000000000...]
Compiling architecture lut5_v of entity unisim.LUT5 [\LUT5(init="00010001000111110001...]
Compiling architecture lut5_v of entity unisim.LUT5 [\LUT5(init="00100000001000001111...]
Compiling architecture lut3_v of entity unisim.LUT3 [\LUT3(init="00000010")(0,7)\]
Compiling architecture lut6_v of entity unisim.LUT6 [\LUT6(init="00000000000000000000...]
Compiling architecture lut5_v of entity unisim.LUT5 [\LUT5(init="01000100010011110100...]
Compiling architecture lut5_v of entity unisim.LUT5 [\LUT5(init="11111111001000000010...]
Compiling architecture lut3_v of entity unisim.LUT3 [\LUT3(init="10000000")(0,7)\]
Compiling architecture lut4_v of entity unisim.LUT4 [\LUT4(init="1000000010001000")(0...]
Compiling architecture lut5_v of entity unisim.LUT5 [\LUT5(init="11111111111111110010...]
Compiling architecture lut5_v of entity unisim.LUT5 [\LUT5(init="11001111010001001100...]
Compiling architecture lut6_v of entity unisim.LUT6 [\LUT6(init="11111111111111110001...]
Compiling architecture lut6_v of entity unisim.LUT6 [\LUT6(init="11111010111110101010...]
Compiling architecture lut6_v of entity unisim.LUT6 [\LUT6(init="11011111110101010000...]
Compiling architecture lut6_v of entity unisim.LUT6 [\LUT6(init="10111111111111110000...]
Compiling architecture lut6_v of entity unisim.LUT6 [\LUT6(init="11111111000000001111...]
Compiling architecture lut6_v of entity unisim.LUT6 [\LUT6(init="11001100110011111111...]
Compiling architecture lut6_v of entity unisim.LUT6 [\LUT6(init="11011101000011010000...]
Compiling architecture lut5_v of entity unisim.LUT5 [\LUT5(init="10111111000000001011...]
Compiling architecture lut6_v of entity unisim.LUT6 [\LUT6(init="01010101010101010101...]
Compiling architecture lut6_v of entity unisim.LUT6 [\LUT6(init="00001101000000000000...]
Compiling architecture lut6_v of entity unisim.LUT6 [\LUT6(init="00000000000000000000...]
Compiling architecture lut6_v of entity unisim.LUT6 [\LUT6(init="00000000000000000000...]
Compiling architecture lut6_v of entity unisim.LUT6 [\LUT6(init="11111111111111111111...]
Compiling architecture lut6_v of entity unisim.LUT6 [\LUT6(init="11101110111011101110...]
Compiling architecture lut4_v of entity unisim.LUT4 [\LUT4(init="1111111010101110")(0...]
Compiling architecture lut4_v of entity unisim.LUT4 [\LUT4(init="0100111101000100")(0...]
Compiling architecture lut6_v of entity unisim.LUT6 [\LUT6(init="00000011000000110000...]
Compiling architecture lut4_v of entity unisim.LUT4 [\LUT4(init="1011000010111011")(0...]
Compiling architecture lut6_v of entity unisim.LUT6 [\LUT6(init="10110000101110111011...]
Compiling architecture lut6_v of entity unisim.LUT6 [\LUT6(init="11101110111011101110...]
Compiling architecture lut6_v of entity unisim.LUT6 [\LUT6(init="11101111111011111110...]
Compiling architecture lut6_v of entity unisim.LUT6 [\LUT6(init="01110100011101110100...]
Compiling architecture lut5_v of entity unisim.LUT5 [\LUT5(init="01001111010001000100...]
Compiling architecture lut6_v of entity unisim.LUT6 [\LUT6(init="10111010101111110000...]
Compiling architecture lut5_v of entity unisim.LUT5 [\LUT5(init="00000100000000001111...]
Compiling architecture lut5_v of entity unisim.LUT5 [\LUT5(init="00000000011111000000...]
Compiling architecture lut6_v of entity unisim.LUT6 [\LUT6(init="01000111111111110100...]
Compiling architecture lut5_v of entity unisim.LUT5 [\LUT5(init="00001010000010101100...]
Compiling architecture lut5_v of entity unisim.LUT5 [\LUT5(init="00000000000000000000...]
Compiling architecture lut6_v of entity unisim.LUT6 [\LUT6(init="01001111010001000100...]
Compiling architecture lut6_v of entity unisim.LUT6 [\LUT6(init="01000101010000001111...]
Compiling architecture lut6_v of entity unisim.LUT6 [\LUT6(init="00000000000000000000...]
Compiling architecture lut6_v of entity unisim.LUT6 [\LUT6(init="00000000000000001000...]
Compiling architecture lut6_v of entity unisim.LUT6 [\LUT6(init="11111111101011101111...]
Compiling architecture lut6_v of entity unisim.LUT6 [\LUT6(init="00000000000000000111...]
Compiling architecture lut6_v of entity unisim.LUT6 [\LUT6(init="00000000000000000000...]
Compiling architecture lut6_v of entity unisim.LUT6 [\LUT6(init="10101010101010101010...]
Compiling architecture lut4_v of entity unisim.LUT4 [\LUT4(init="1111111111011111")(0...]
Compiling architecture lut6_v of entity unisim.LUT6 [\LUT6(init="11111111111111111111...]
Compiling architecture lut6_v of entity unisim.LUT6 [\LUT6(init="01010111111111110101...]
Compiling architecture lut4_v of entity unisim.LUT4 [\LUT4(init="1010101111111011")(0...]
Compiling architecture lut4_v of entity unisim.LUT4 [\LUT4(init="0001110111111111")(0...]
Compiling architecture lut6_v of entity unisim.LUT6 [\LUT6(init="00000000000000000000...]
Compiling architecture lut6_v of entity unisim.LUT6 [\LUT6(init="01010111111111110101...]
Compiling architecture lut4_v of entity unisim.LUT4 [\LUT4(init="1111111111101111")(0...]
Compiling architecture lut6_v of entity unisim.LUT6 [\LUT6(init="00010011100110110000...]
Compiling architecture lut3_v of entity unisim.LUT3 [\LUT3(init="10111111")(0,7)\]
Compiling architecture lut5_v of entity unisim.LUT5 [\LUT5(init="00000000000000000000...]
Compiling architecture lut6_v of entity unisim.LUT6 [\LUT6(init="11001000110010001111...]
Compiling architecture lut6_v of entity unisim.LUT6 [\LUT6(init="11111111000100001111...]
Compiling architecture lut6_v of entity unisim.LUT6 [\LUT6(init="11111111111111101111...]
Compiling architecture lut6_v of entity unisim.LUT6 [\LUT6(init="11111111101010001111...]
Compiling architecture lut6_v of entity unisim.LUT6 [\LUT6(init="00000000000000000000...]
Compiling architecture lut3_v of entity unisim.LUT3 [\LUT3(init="11011111")(0,7)\]
Compiling architecture lut5_v of entity unisim.LUT5 [\LUT5(init="11111101111111111111...]
Compiling architecture lut6_v of entity unisim.LUT6 [\LUT6(init="11111111111111111111...]
Compiling architecture lut6_v of entity unisim.LUT6 [\LUT6(init="00000000000000000000...]
Compiling architecture lut4_v of entity unisim.LUT4 [\LUT4(init="1111011111111111")(0...]
Compiling architecture lut6_v of entity unisim.LUT6 [\LUT6(init="11111100111111111111...]
Compiling architecture lut4_v of entity unisim.LUT4 [\LUT4(init="1101111101010101")(0...]
Compiling architecture lut6_v of entity unisim.LUT6 [\LUT6(init="11111111111111111111...]
Compiling architecture lut6_v of entity unisim.LUT6 [\LUT6(init="00000000000000000000...]
Compiling architecture lut5_v of entity unisim.LUT5 [\LUT5(init="11111111111101111111...]
Compiling architecture lut6_v of entity unisim.LUT6 [\LUT6(init="00000000010000000100...]
Compiling architecture lut6_v of entity unisim.LUT6 [\LUT6(init="00010001110100011111...]
Compiling architecture lut6_v of entity unisim.LUT6 [\LUT6(init="00000000000000000000...]
Compiling architecture lut6_v of entity unisim.LUT6 [\LUT6(init="00111111111111110001...]
Compiling architecture lut6_v of entity unisim.LUT6 [\LUT6(init="11111111111111111111...]
Compiling architecture lut4_v of entity unisim.LUT4 [\LUT4(init="1110000000000000")(0...]
Compiling architecture lut5_v of entity unisim.LUT5 [\LUT5(init="01111110111111101111...]
Compiling architecture lut4_v of entity unisim.LUT4 [\LUT4(init="0101011111011111")(0...]
Compiling architecture lut6_v of entity unisim.LUT6 [\LUT6(init="10111000100010001000...]
Compiling architecture lut6_v of entity unisim.LUT6 [\LUT6(init="11111011110010111100...]
Compiling architecture lut6_v of entity unisim.LUT6 [\LUT6(init="10101010101010101010...]
Compiling architecture lut6_v of entity unisim.LUT6 [\LUT6(init="11001111110011001000...]
Compiling architecture lut4_v of entity unisim.LUT4 [\LUT4(init="1011111110110000")(0...]
Compiling architecture lut4_v of entity unisim.LUT4 [\LUT4(init="0101011111110111")(0...]
Compiling architecture lut5_v of entity unisim.LUT5 [\LUT5(init="10000000000101010101...]
Compiling architecture lut6_v of entity unisim.LUT6 [\LUT6(init="00000000000000000000...]
Compiling architecture lut4_v of entity unisim.LUT4 [\LUT4(init="0001010101010101")(0...]
Compiling architecture lut3_v of entity unisim.LUT3 [\LUT3(init="10100010")(0,7)\]
Compiling architecture lut6_v of entity unisim.LUT6 [\LUT6(init="00000000000000000000...]
Compiling architecture lut6_v of entity unisim.LUT6 [\LUT6(init="00000000000000000000...]
Compiling architecture lut6_v of entity unisim.LUT6 [\LUT6(init="00101010001010100010...]
Compiling architecture lut6_v of entity unisim.LUT6 [\LUT6(init="00000000000000000000...]
Compiling architecture lut6_v of entity unisim.LUT6 [\LUT6(init="00000000000000000000...]
Compiling architecture lut6_v of entity unisim.LUT6 [\LUT6(init="00000000000000000000...]
Compiling architecture lut6_v of entity unisim.LUT6 [\LUT6(init="11111000100010001111...]
Compiling architecture lut4_v of entity unisim.LUT4 [\LUT4(init="1111111011101110")(0...]
Compiling architecture lut6_v of entity unisim.LUT6 [\LUT6(init="11000000110000001100...]
Compiling architecture lut5_v of entity unisim.LUT5 [\LUT5(init="00000000000000000000...]
Compiling architecture lut5_v of entity unisim.LUT5 [\LUT5(init="11001100110010001100...]
Compiling architecture lut3_v of entity unisim.LUT3 [\LUT3(init="11101101")(0,7)\]
Compiling architecture lut4_v of entity unisim.LUT4 [\LUT4(init="1010101010000010")(0...]
Compiling architecture lut5_v of entity unisim.LUT5 [\LUT5(init="00000000000000000000...]
Compiling architecture lut5_v of entity unisim.LUT5 [\LUT5(init="11001100110010001100...]
Compiling architecture lut5_v of entity unisim.LUT5 [\LUT5(init="00000000000000000000...]
Compiling architecture lut6_v of entity unisim.LUT6 [\LUT6(init="11111111111111110000...]
Compiling architecture lut6_v of entity unisim.LUT6 [\LUT6(init="11111111111111110000...]
Compiling architecture lut3_v of entity unisim.LUT3 [\LUT3(init="01110100")(0,7)\]
Compiling architecture lut6_v of entity unisim.LUT6 [\LUT6(init="11011101110111011101...]
Compiling architecture lut6_v of entity unisim.LUT6 [\LUT6(init="11111111111111111111...]
Compiling architecture lut6_v of entity unisim.LUT6 [\LUT6(init="00010101010101110101...]
Compiling architecture lut6_v of entity unisim.LUT6 [\LUT6(init="00000000000000010000...]
Compiling architecture lut6_v of entity unisim.LUT6 [\LUT6(init="00000000000000000000...]
Compiling architecture lut6_v of entity unisim.LUT6 [\LUT6(init="11111100110111111111...]
Compiling architecture lut4_v of entity unisim.LUT4 [\LUT4(init="0000000011100100")(0...]
Compiling architecture lut6_v of entity unisim.LUT6 [\LUT6(init="00000100000000000000...]
Compiling architecture lut4_v of entity unisim.LUT4 [\LUT4(init="0000010000000000")(0...]
Compiling architecture lut6_v of entity unisim.LUT6 [\LUT6(init="11110100010001001111...]
Compiling architecture lut6_v of entity unisim.LUT6 [\LUT6(init="00000100111111110000...]
Compiling architecture lut6_v of entity unisim.LUT6 [\LUT6(init="11111111111111111111...]
Compiling architecture lut4_v of entity unisim.LUT4 [\LUT4(init="0010001100100000")(0...]
Compiling architecture lut5_v of entity unisim.LUT5 [\LUT5(init="11111110111111111111...]
Compiling architecture lut6_v of entity unisim.LUT6 [\LUT6(init="10101000101010001010...]
Compiling architecture structure of entity xil_defaultlib.or1200_ctrl [or1200_ctrl_default]
Compiling architecture lut6_v of entity unisim.LUT6 [\LUT6(init="10101010101010101011...]
Compiling architecture lut6_v of entity unisim.LUT6 [\LUT6(init="11111111111111111111...]
Compiling architecture lut6_v of entity unisim.LUT6 [\LUT6(init="00000000000000000000...]
Compiling architecture lut6_v of entity unisim.LUT6 [\LUT6(init="11111110111111101111...]
Compiling architecture lut6_v of entity unisim.LUT6 [\LUT6(init="00000000000000000000...]
Compiling architecture lut6_v of entity unisim.LUT6 [\LUT6(init="01010100010101000101...]
Compiling architecture lut6_v of entity unisim.LUT6 [\LUT6(init="01010101010101000101...]
Compiling architecture lut6_v of entity unisim.LUT6 [\LUT6(init="11111000100010001111...]
Compiling architecture lut6_v of entity unisim.LUT6 [\LUT6(init="00000000000000000001...]
Compiling architecture lut4_v of entity unisim.LUT4 [\LUT4(init="0000000001000000")(0...]
Compiling architecture lut6_v of entity unisim.LUT6 [\LUT6(init="11111111111111111111...]
Compiling architecture lut5_v of entity unisim.LUT5 [\LUT5(init="10101110101011101111...]
Compiling architecture lut6_v of entity unisim.LUT6 [\LUT6(init="11111111111111101111...]
Compiling architecture lut6_v of entity unisim.LUT6 [\LUT6(init="11111110111111101111...]
Compiling architecture lut6_v of entity unisim.LUT6 [\LUT6(init="11111111111111111111...]
Compiling architecture lut6_v of entity unisim.LUT6 [\LUT6(init="11111111111111111111...]
Compiling architecture lut6_v of entity unisim.LUT6 [\LUT6(init="01010101011111010101...]
Compiling architecture lut6_v of entity unisim.LUT6 [\LUT6(init="11111111111111111111...]
Compiling architecture lut6_v of entity unisim.LUT6 [\LUT6(init="10101010111011111010...]
Compiling architecture lut6_v of entity unisim.LUT6 [\LUT6(init="11111111111111111111...]
Compiling architecture lut6_v of entity unisim.LUT6 [\LUT6(init="11111111111111111111...]
Compiling architecture lut6_v of entity unisim.LUT6 [\LUT6(init="00000000000000000000...]
Compiling architecture lut6_v of entity unisim.LUT6 [\LUT6(init="00001111000001001111...]
Compiling architecture lut6_v of entity unisim.LUT6 [\LUT6(init="01010101010101010101...]
Compiling architecture lut5_v of entity unisim.LUT5 [\LUT5(init="00000000000000001111...]
Compiling architecture lut6_v of entity unisim.LUT6 [\LUT6(init="00110011001100110011...]
Compiling architecture lut6_v of entity unisim.LUT6 [\LUT6(init="11111111111111111111...]
Compiling architecture lut6_v of entity unisim.LUT6 [\LUT6(init="11111111111111111111...]
Compiling architecture lut6_v of entity unisim.LUT6 [\LUT6(init="11111111111111111111...]
Compiling architecture lut5_v of entity unisim.LUT5 [\LUT5(init="11111111111111110100...]
Compiling architecture lut6_v of entity unisim.LUT6 [\LUT6(init="00000000000000000000...]
Compiling architecture lut6_v of entity unisim.LUT6 [\LUT6(init="10101010101010101010...]
Compiling architecture lut6_v of entity unisim.LUT6 [\LUT6(init="11111111111111100000...]
Compiling architecture lut4_v of entity unisim.LUT4 [\LUT4(init="0000000011100010")(0...]
Compiling architecture lut5_v of entity unisim.LUT5 [\LUT5(init="01000101010001000100...]
Compiling architecture lut4_v of entity unisim.LUT4 [\LUT4(init="1110111111101100")(0...]
Compiling architecture lut6_v of entity unisim.LUT6 [\LUT6(init="10111011101110001111...]
Compiling architecture lut6_v of entity unisim.LUT6 [\LUT6(init="00000000000000000000...]
Compiling architecture lut5_v of entity unisim.LUT5 [\LUT5(init="10101010101010101010...]
Compiling architecture structure of entity xil_defaultlib.or1200_except [or1200_except_default]
Compiling architecture lut5_v of entity unisim.LUT5 [\LUT5(init="00100010001100100010...]
Compiling architecture lut5_v of entity unisim.LUT5 [\LUT5(init="10001000100110011000...]
Compiling architecture structure of entity xil_defaultlib.or1200_freeze [or1200_freeze_default]
Compiling architecture structure of entity xil_defaultlib.or1200_genpc [or1200_genpc_default]
Compiling architecture lut6_v of entity unisim.LUT6 [\LUT6(init="00000000000000000000...]
Compiling architecture lut6_v of entity unisim.LUT6 [\LUT6(init="00000000000000000000...]
Compiling architecture lut6_v of entity unisim.LUT6 [\LUT6(init="00000010000000100000...]
Compiling architecture lut6_v of entity unisim.LUT6 [\LUT6(init="11111111111111111111...]
Compiling architecture lut5_v of entity unisim.LUT5 [\LUT5(init="11111101000011011111...]
Compiling architecture lut5_v of entity unisim.LUT5 [\LUT5(init="10101010100000000000...]
Compiling architecture lut4_v of entity unisim.LUT4 [\LUT4(init="1011100010001000")(0...]
Compiling architecture lut6_v of entity unisim.LUT6 [\LUT6(init="00000000000000000000...]
Compiling architecture lut6_v of entity unisim.LUT6 [\LUT6(init="00000000000000000000...]
Compiling architecture lut6_v of entity unisim.LUT6 [\LUT6(init="00000000000000000000...]
Compiling architecture lut4_v of entity unisim.LUT4 [\LUT4(init="1011100010111011")(0...]
Compiling architecture structure of entity xil_defaultlib.or1200_if [or1200_if_default]
Compiling architecture lut6_v of entity unisim.LUT6 [\LUT6(init="01100110011001010101...]
Compiling architecture lut5_v of entity unisim.LUT5 [\LUT5(init="10101010101010101100...]
Compiling architecture lut5_v of entity unisim.LUT5 [\LUT5(init="10001111111111111111...]
Compiling architecture lut6_v of entity unisim.LUT6 [\LUT6(init="01000101000000000100...]
Compiling architecture lut6_v of entity unisim.LUT6 [\LUT6(init="00000000000000000000...]
Compiling architecture lut5_v of entity unisim.LUT5 [\LUT5(init="01000100111101000000...]
Compiling architecture lut6_v of entity unisim.LUT6 [\LUT6(init="11111111111111111111...]
Compiling architecture lut6_v of entity unisim.LUT6 [\LUT6(init="11010000110111011101...]
Compiling architecture lut5_v of entity unisim.LUT5 [\LUT5(init="00000010111111110000...]
Compiling architecture lut6_v of entity unisim.LUT6 [\LUT6(init="00000000000000000000...]
Compiling architecture lut5_v of entity unisim.LUT5 [\LUT5(init="00110010001100101111...]
Compiling architecture lut6_v of entity unisim.LUT6 [\LUT6(init="00000000000000001111...]
Compiling architecture lut3_v of entity unisim.LUT3 [\LUT3(init="01000000")(0,7)\]
Compiling architecture lut3_v of entity unisim.LUT3 [\LUT3(init="00000011")(0,7)\]
Compiling architecture lut6_v of entity unisim.LUT6 [\LUT6(init="01010100000100001111...]
Compiling architecture fdse_v of entity unisim.FDSE [fdse_default]
Compiling architecture lut6_v of entity unisim.LUT6 [\LUT6(init="01110011010100010110...]
Compiling architecture structure of entity xil_defaultlib.or1200_mem2reg [or1200_mem2reg_default]
Compiling architecture lut3_v of entity unisim.LUT3 [\LUT3(init="10101100")(0,7)\]
Compiling architecture lut6_v of entity unisim.LUT6 [\LUT6(init="11111111111111111111...]
Compiling architecture structure of entity xil_defaultlib.or1200_lsu [or1200_lsu_default]
Compiling architecture lut6_v of entity unisim.LUT6 [\LUT6(init="11111111111111110000...]
Compiling architecture lut6_v of entity unisim.LUT6 [\LUT6(init="11111111111111111111...]
Compiling architecture lut6_v of entity unisim.LUT6 [\LUT6(init="11111111111111111111...]
Compiling architecture lut6_v of entity unisim.LUT6 [\LUT6(init="11001100110011001100...]
Compiling architecture lut6_v of entity unisim.LUT6 [\LUT6(init="10101010101010101010...]
Compiling architecture lut6_v of entity unisim.LUT6 [\LUT6(init="01001111010001001111...]
Compiling architecture lut3_v of entity unisim.LUT3 [\LUT3(init="10010110")(0,7)\]
Compiling architecture lut2_v of entity unisim.LUT2 [\LUT2(init="1010")(0,3)\]
Compiling architecture lut3_v of entity unisim.LUT3 [\LUT3(init="10011111")(0,7)\]
Compiling architecture lut4_v of entity unisim.LUT4 [\LUT4(init="0100010001001111")(0...]
Compiling architecture lut6_v of entity unisim.LUT6 [\LUT6(init="00001100000001100000...]
Compiling architecture lut6_v of entity unisim.LUT6 [\LUT6(init="01000100010001001111...]
Compiling architecture lut6_v of entity unisim.LUT6 [\LUT6(init="00000000110010100000...]
Compiling architecture lut6_v of entity unisim.LUT6 [\LUT6(init="00001010000011000000...]
Compiling architecture lut6_v of entity unisim.LUT6 [\LUT6(init="00001100000011001010...]
Compiling architecture structure of entity xil_defaultlib.or1200_gmultp2_32x32 [or1200_gmultp2_32x32_default]
Compiling architecture structure of entity xil_defaultlib.or1200_mult_mac [or1200_mult_mac_default]
Compiling architecture lut6_v of entity unisim.LUT6 [\LUT6(init="11100010000000001110...]
Compiling architecture lut5_v of entity unisim.LUT5 [\LUT5(init="10111000101110001111...]
Compiling architecture lut6_v of entity unisim.LUT6 [\LUT6(init="10101111110011001111...]
Compiling architecture lut5_v of entity unisim.LUT5 [\LUT5(init="10111011101110001000...]
Compiling architecture lut4_v of entity unisim.LUT4 [\LUT4(init="1001101010010101")(0...]
Compiling architecture lut6_v of entity unisim.LUT6 [\LUT6(init="11111111111111111111...]
Compiling architecture lut6_v of entity unisim.LUT6 [\LUT6(init="00000000010001000000...]
Compiling architecture lut6_v of entity unisim.LUT6 [\LUT6(init="11111111111111111000...]
Compiling architecture lut6_v of entity unisim.LUT6 [\LUT6(init="11111111111111110010...]
Compiling architecture structure of entity xil_defaultlib.or1200_operandmuxes [or1200_operandmuxes_default]
Compiling architecture lut5_v of entity unisim.LUT5 [\LUT5(init="10101111110000001010...]
Compiling architecture structure of entity xil_defaultlib.or1200_rfram_generic [or1200_rfram_generic_default]
Compiling architecture structure of entity xil_defaultlib.or1200_rf [or1200_rf_default]
Compiling architecture lut6_v of entity unisim.LUT6 [\LUT6(init="00000000000000000000...]
Compiling architecture lut6_v of entity unisim.LUT6 [\LUT6(init="00000000000000000000...]
Compiling architecture lut4_v of entity unisim.LUT4 [\LUT4(init="1000000000000000")(0...]
Compiling architecture lut6_v of entity unisim.LUT6 [\LUT6(init="00000000000000000000...]
Compiling architecture lut6_v of entity unisim.LUT6 [\LUT6(init="11111111111111111111...]
Compiling architecture lut6_v of entity unisim.LUT6 [\LUT6(init="00000000000000000000...]
Compiling architecture lut6_v of entity unisim.LUT6 [\LUT6(init="00000000000000000000...]
Compiling architecture lut5_v of entity unisim.LUT5 [\LUT5(init="11111111000000001011...]
Compiling architecture lut5_v of entity unisim.LUT5 [\LUT5(init="00000000111111110100...]
Compiling architecture structure of entity xil_defaultlib.or1200_sprs [or1200_sprs_default]
Compiling architecture structure of entity xil_defaultlib.or1200_wbmux [or1200_wbmux_default]
Compiling architecture lut3_v of entity unisim.LUT3 [\LUT3(init="11011000")(0,7)\]
Compiling architecture lut5_v of entity unisim.LUT5 [\LUT5(init="01010100010101000101...]
Compiling architecture structure of entity xil_defaultlib.or1200_cpu [or1200_cpu_default]
Compiling architecture lut6_v of entity unisim.LUT6 [\LUT6(init="11111111111111111111...]
Compiling architecture lut5_v of entity unisim.LUT5 [\LUT5(init="11101111111111111110...]
Compiling architecture lut6_v of entity unisim.LUT6 [\LUT6(init="11111111111111111111...]
Compiling architecture lut6_v of entity unisim.LUT6 [\LUT6(init="00000000000000000000...]
Compiling architecture lut6_v of entity unisim.LUT6 [\LUT6(init="11111111111111111111...]
Compiling architecture lut5_v of entity unisim.LUT5 [\LUT5(init="00000000000000001111...]
Compiling architecture lut6_v of entity unisim.LUT6 [\LUT6(init="00000000000000000000...]
Compiling architecture lut6_v of entity unisim.LUT6 [\LUT6(init="00000000000000000000...]
Compiling architecture lut5_v of entity unisim.LUT5 [\LUT5(init="00010000111111110001...]
Compiling architecture lut6_v of entity unisim.LUT6 [\LUT6(init="11111100111011101111...]
Compiling architecture lut6_v of entity unisim.LUT6 [\LUT6(init="00000000000011101111...]
Compiling architecture lut6_v of entity unisim.LUT6 [\LUT6(init="00000000101010100000...]
Compiling architecture lut4_v of entity unisim.LUT4 [\LUT4(init="1111111000000000")(0...]
Compiling architecture lut5_v of entity unisim.LUT5 [\LUT5(init="11111111101010110000...]
Compiling architecture lut4_v of entity unisim.LUT4 [\LUT4(init="1110111111100000")(0...]
Compiling architecture lut6_v of entity unisim.LUT6 [\LUT6(init="00000000000000000000...]
Compiling architecture lut6_v of entity unisim.LUT6 [\LUT6(init="00100010001000100011...]
Compiling architecture lut6_v of entity unisim.LUT6 [\LUT6(init="00000000000000000000...]
Compiling architecture lut5_v of entity unisim.LUT5 [\LUT5(init="10101010101010101100...]
Compiling architecture lut6_v of entity unisim.LUT6 [\LUT6(init="00000000000000001010...]
Compiling architecture lut6_v of entity unisim.LUT6 [\LUT6(init="00000000111110101111...]
Compiling architecture lut4_v of entity unisim.LUT4 [\LUT4(init="1111111100001000")(0...]
Compiling architecture lut6_v of entity unisim.LUT6 [\LUT6(init="10111010101010101011...]
Compiling architecture lut5_v of entity unisim.LUT5 [\LUT5(init="10001111100010001000...]
Compiling architecture lut6_v of entity unisim.LUT6 [\LUT6(init="00000000000000000000...]
Compiling architecture lut6_v of entity unisim.LUT6 [\LUT6(init="00000001000000001111...]
Compiling architecture lut5_v of entity unisim.LUT5 [\LUT5(init="11111111111111110000...]
Compiling architecture lut6_v of entity unisim.LUT6 [\LUT6(init="01010111010101001111...]
Compiling architecture lut6_v of entity unisim.LUT6 [\LUT6(init="00000000000000000011...]
Compiling architecture lut6_v of entity unisim.LUT6 [\LUT6(init="01010101010000010101...]
Compiling architecture lut4_v of entity unisim.LUT4 [\LUT4(init="0000000000000110")(0...]
Compiling architecture structure of entity xil_defaultlib.or1200_dc_fsm [or1200_dc_fsm_default]
Compiling architecture rb18_internal_vhdl_v of entity unisim.RB18_INTERNAL_VHDL [\RB18_INTERNAL_VHDL(bram_size=18...]
Compiling architecture ramb18e1_v of entity unisim.RAMB18E1 [\RAMB18E1(read_width_a=9,rstreg_...]
Compiling architecture structure of entity xil_defaultlib.or1200_spram_2048x32_bw_102 [or1200_spram_2048x32_bw_102_defa...]
Compiling architecture structure of entity xil_defaultlib.or1200_dc_ram [or1200_dc_ram_default]
Compiling architecture lut3_v of entity unisim.LUT3 [\LUT3(init="11010000")(0,7)\]
Compiling architecture rb36_internal_vhdl_v of entity unisim.RB36_INTERNAL_VHDL [\RB36_INTERNAL_VHDL(init_a="0000...]
Compiling architecture ramb36e1_v of entity unisim.RAMB36E1 [\RAMB36E1(read_width_a=36,write_...]
Compiling architecture lut6_v of entity unisim.LUT6 [\LUT6(init="00000000000000000000...]
Compiling architecture structure of entity xil_defaultlib.or1200_spram_512x20_103 [or1200_spram_512x20_103_default]
Compiling architecture structure of entity xil_defaultlib.or1200_dc_tag [or1200_dc_tag_default]
Compiling architecture structure of entity xil_defaultlib.or1200_dc_top [or1200_dc_top_default]
Compiling architecture lut4_v of entity unisim.LUT4 [\LUT4(init="0111111100000000")(0...]
Compiling architecture lut6_v of entity unisim.LUT6 [\LUT6(init="10000000000000001010...]
Compiling architecture lut6_v of entity unisim.LUT6 [\LUT6(init="00001100000000000000...]
Compiling architecture lut6_v of entity unisim.LUT6 [\LUT6(init="00111111001111110000...]
Compiling architecture rb18_internal_vhdl_v of entity unisim.RB18_INTERNAL_VHDL [\RB18_INTERNAL_VHDL(bram_size=18...]
Compiling architecture ramb18e1_v of entity unisim.RAMB18E1 [\RAMB18E1(read_width_a=18,rstreg...]
Compiling architecture structure of entity xil_defaultlib.or1200_spram_64x14_101 [or1200_spram_64x14_101_default]
Compiling architecture lut5_v of entity unisim.LUT5 [\LUT5(init="00000000000001010011...]
Compiling architecture lut5_v of entity unisim.LUT5 [\LUT5(init="00000000000010101100...]
Compiling architecture rb36_internal_vhdl_v of entity unisim.RB36_INTERNAL_VHDL [\RB36_INTERNAL_VHDL(init_a="0000...]
Compiling architecture ramb36e1_v of entity unisim.RAMB36E1 [\RAMB36E1(read_width_a=36,rstreg...]
Compiling architecture structure of entity xil_defaultlib.or1200_spram_64x24 [or1200_spram_64x24_default]
Compiling architecture structure of entity xil_defaultlib.or1200_dmmu_tlb [or1200_dmmu_tlb_default]
Compiling architecture structure of entity xil_defaultlib.or1200_dmmu_top [or1200_dmmu_top_default]
Compiling architecture lut6_v of entity unisim.LUT6 [\LUT6(init="00000000000000000000...]
Compiling architecture lut6_v of entity unisim.LUT6 [\LUT6(init="00000000000000000000...]
Compiling architecture lut6_v of entity unisim.LUT6 [\LUT6(init="11111111111111111111...]
Compiling architecture lut6_v of entity unisim.LUT6 [\LUT6(init="00000000000000000111...]
Compiling architecture lut6_v of entity unisim.LUT6 [\LUT6(init="00000000000000000000...]
Compiling architecture lut5_v of entity unisim.LUT5 [\LUT5(init="00000000000000000111...]
Compiling architecture lut6_v of entity unisim.LUT6 [\LUT6(init="00000000000000000000...]
Compiling architecture lut6_v of entity unisim.LUT6 [\LUT6(init="11111000111111111111...]
Compiling architecture lut6_v of entity unisim.LUT6 [\LUT6(init="00000000000000000000...]
Compiling architecture lut6_v of entity unisim.LUT6 [\LUT6(init="11111111000000100000...]
Compiling architecture lut6_v of entity unisim.LUT6 [\LUT6(init="00000000000000000111...]
Compiling architecture lut6_v of entity unisim.LUT6 [\LUT6(init="00000000000000000000...]
Compiling architecture lut6_v of entity unisim.LUT6 [\LUT6(init="00000000000000000000...]
Compiling architecture lut6_v of entity unisim.LUT6 [\LUT6(init="10101010101010101011...]
Compiling architecture lut5_v of entity unisim.LUT5 [\LUT5(init="11110100111101001111...]
Compiling architecture lut5_v of entity unisim.LUT5 [\LUT5(init="00000000000000000010...]
Compiling architecture lut5_v of entity unisim.LUT5 [\LUT5(init="01011101010000000100...]
Compiling architecture lut4_v of entity unisim.LUT4 [\LUT4(init="0010101000000000")(0...]
Compiling architecture lut5_v of entity unisim.LUT5 [\LUT5(init="00110000001100000011...]
Compiling architecture lut6_v of entity unisim.LUT6 [\LUT6(init="01110000001010100010...]
Compiling architecture lut5_v of entity unisim.LUT5 [\LUT5(init="01000100010011110100...]
Compiling architecture lut6_v of entity unisim.LUT6 [\LUT6(init="00100111101000000100...]
Compiling architecture lut6_v of entity unisim.LUT6 [\LUT6(init="11111111111111111000...]
Compiling architecture lut5_v of entity unisim.LUT5 [\LUT5(init="00000001111111011111...]
Compiling architecture lut5_v of entity unisim.LUT5 [\LUT5(init="01010101010111000000...]
Compiling architecture lut5_v of entity unisim.LUT5 [\LUT5(init="10111010101110111000...]
Compiling architecture lut6_v of entity unisim.LUT6 [\LUT6(init="11111111111111111111...]
Compiling architecture lut5_v of entity unisim.LUT5 [\LUT5(init="00100000111010100000...]
Compiling architecture lut6_v of entity unisim.LUT6 [\LUT6(init="11111111111111111111...]
Compiling architecture lut4_v of entity unisim.LUT4 [\LUT4(init="0100010011110100")(0...]
Compiling architecture lut6_v of entity unisim.LUT6 [\LUT6(init="00000000000011110000...]
Compiling architecture lut6_v of entity unisim.LUT6 [\LUT6(init="10101010101010101010...]
Compiling architecture lut6_v of entity unisim.LUT6 [\LUT6(init="01010000010111110011...]
Compiling architecture lut6_v of entity unisim.LUT6 [\LUT6(init="10111000101110001011...]
Compiling architecture lut5_v of entity unisim.LUT5 [\LUT5(init="01000111010001000100...]
Compiling architecture lut5_v of entity unisim.LUT5 [\LUT5(init="00000000000000001111...]
Compiling architecture lut4_v of entity unisim.LUT4 [\LUT4(init="0101110101000000")(0...]
Compiling architecture lut6_v of entity unisim.LUT6 [\LUT6(init="00100010001011110010...]
Compiling architecture lut6_v of entity unisim.LUT6 [\LUT6(init="01010101010101011111...]
Compiling architecture lut6_v of entity unisim.LUT6 [\LUT6(init="11111111111111111111...]
Compiling architecture lut6_v of entity unisim.LUT6 [\LUT6(init="00000000000000000000...]
Compiling architecture lut6_v of entity unisim.LUT6 [\LUT6(init="11111111111111111111...]
Compiling architecture rb18_internal_vhdl_v of entity unisim.RB18_INTERNAL_VHDL [\RB18_INTERNAL_VHDL(bram_size=18...]
Compiling architecture ramb18e1_v of entity unisim.RAMB18E1 [\RAMB18E1(ram_mode="SDP",read_wi...]
Compiling architecture lut6_v of entity unisim.LUT6 [\LUT6(init="00000000000000000000...]
Compiling architecture structure of entity xil_defaultlib.or1200_dpram_256x32 [or1200_dpram_256x32_default]
Compiling architecture structure of entity xil_defaultlib.or1200_dpram_256x32_92 [or1200_dpram_256x32_92_default]
Compiling architecture structure of entity xil_defaultlib.or1200_dpram_256x32_93 [or1200_dpram_256x32_93_default]
Compiling architecture structure of entity xil_defaultlib.or1200_dpram_256x32_94 [or1200_dpram_256x32_94_default]
Compiling architecture structure of entity xil_defaultlib.or1200_du [or1200_du_default]
Compiling architecture lut5_v of entity unisim.LUT5 [\LUT5(init="10101010101010101100...]
Compiling architecture lut6_v of entity unisim.LUT6 [\LUT6(init="00001010001000000000...]
Compiling architecture lut3_v of entity unisim.LUT3 [\LUT3(init="00111000")(0,7)\]
Compiling architecture lut4_v of entity unisim.LUT4 [\LUT4(init="1101111101110000")(0...]
Compiling architecture lut5_v of entity unisim.LUT5 [\LUT5(init="10101000111111110000...]
Compiling architecture lut5_v of entity unisim.LUT5 [\LUT5(init="00001111010000000000...]
Compiling architecture lut4_v of entity unisim.LUT4 [\LUT4(init="1010101010101000")(0...]
Compiling architecture lut6_v of entity unisim.LUT6 [\LUT6(init="10101100101010101010...]
Compiling architecture lut6_v of entity unisim.LUT6 [\LUT6(init="00110011001100110011...]
Compiling architecture lut6_v of entity unisim.LUT6 [\LUT6(init="00110011001100110000...]
Compiling architecture lut6_v of entity unisim.LUT6 [\LUT6(init="00000000000000001111...]
Compiling architecture lut4_v of entity unisim.LUT4 [\LUT4(init="0010000011111111")(0...]
Compiling architecture lut6_v of entity unisim.LUT6 [\LUT6(init="00000000000000000000...]
Compiling architecture lut5_v of entity unisim.LUT5 [\LUT5(init="10010000000000000000...]
Compiling architecture lut6_v of entity unisim.LUT6 [\LUT6(init="10101001011001010000...]
Compiling architecture lut6_v of entity unisim.LUT6 [\LUT6(init="00000000000100001111...]
Compiling architecture lut6_v of entity unisim.LUT6 [\LUT6(init="00000001000000001111...]
Compiling architecture lut5_v of entity unisim.LUT5 [\LUT5(init="11110000111111111111...]
Compiling architecture lut6_v of entity unisim.LUT6 [\LUT6(init="00000000001010100010...]
Compiling architecture lut6_v of entity unisim.LUT6 [\LUT6(init="00001111000000001101...]
Compiling architecture lut5_v of entity unisim.LUT5 [\LUT5(init="01011101111111111101...]
Compiling architecture lut5_v of entity unisim.LUT5 [\LUT5(init="11101110111111111010...]
Compiling architecture lut6_v of entity unisim.LUT6 [\LUT6(init="11111111000000001111...]
Compiling architecture lut6_v of entity unisim.LUT6 [\LUT6(init="00000001000000001111...]
Compiling architecture lut6_v of entity unisim.LUT6 [\LUT6(init="00000000000000001111...]
Compiling architecture lut6_v of entity unisim.LUT6 [\LUT6(init="11111111111111111011...]
Compiling architecture lut4_v of entity unisim.LUT4 [\LUT4(init="0000000100000000")(0...]
Compiling architecture lut4_v of entity unisim.LUT4 [\LUT4(init="0001101111100100")(0...]
Compiling architecture lut6_v of entity unisim.LUT6 [\LUT6(init="11111111111111111111...]
Compiling architecture lut6_v of entity unisim.LUT6 [\LUT6(init="10111111101100001111...]
Compiling architecture structure of entity xil_defaultlib.or1200_ic_fsm [or1200_ic_fsm_default]
Compiling architecture structure of entity xil_defaultlib.or1200_spram_2048x32_bw_99 [or1200_spram_2048x32_bw_99_defau...]
Compiling architecture structure of entity xil_defaultlib.or1200_ic_ram [or1200_ic_ram_default]
Compiling architecture lut6_v of entity unisim.LUT6 [\LUT6(init="00010001000100010000...]
Compiling architecture lut6_v of entity unisim.LUT6 [\LUT6(init="00000000000000000000...]
Compiling architecture lut4_v of entity unisim.LUT4 [\LUT4(init="0101010101000101")(0...]
Compiling architecture lut5_v of entity unisim.LUT5 [\LUT5(init="11111111111111111111...]
Compiling architecture lut6_v of entity unisim.LUT6 [\LUT6(init="00000000000000000000...]
Compiling architecture lut6_v of entity unisim.LUT6 [\LUT6(init="11101110111011101110...]
Compiling architecture structure of entity xil_defaultlib.or1200_spram_512x20 [or1200_spram_512x20_default]
Compiling architecture structure of entity xil_defaultlib.or1200_ic_tag [or1200_ic_tag_default]
Compiling architecture structure of entity xil_defaultlib.or1200_ic_top [or1200_ic_top_default]
Compiling architecture lut6_v of entity unisim.LUT6 [\LUT6(init="00001000100010001111...]
Compiling architecture lut4_v of entity unisim.LUT4 [\LUT4(init="0111000000000000")(0...]
Compiling architecture lut6_v of entity unisim.LUT6 [\LUT6(init="11111111111111111111...]
Compiling architecture lut6_v of entity unisim.LUT6 [\LUT6(init="00000000000000000000...]
Compiling architecture structure of entity xil_defaultlib.or1200_spram_64x14 [or1200_spram_64x14_default]
Compiling architecture lut6_v of entity unisim.LUT6 [\LUT6(init="00100000000000000010...]
Compiling architecture lut6_v of entity unisim.LUT6 [\LUT6(init="10101011111110111010...]
Compiling architecture lut5_v of entity unisim.LUT5 [\LUT5(init="00001000000000000000...]
Compiling architecture lut4_v of entity unisim.LUT4 [\LUT4(init="1110101000101010")(0...]
Compiling architecture lut4_v of entity unisim.LUT4 [\LUT4(init="1110001011111111")(0...]
Compiling architecture structure of entity xil_defaultlib.or1200_spram_64x22 [or1200_spram_64x22_default]
Compiling architecture structure of entity xil_defaultlib.or1200_immu_tlb [or1200_immu_tlb_default]
Compiling architecture lut6_v of entity unisim.LUT6 [\LUT6(init="11111111111111111000...]
Compiling architecture lut6_v of entity unisim.LUT6 [\LUT6(init="00000000000000001000...]
Compiling architecture structure of entity xil_defaultlib.or1200_immu_top [or1200_immu_top_default]
Compiling architecture lut4_v of entity unisim.LUT4 [\LUT4(init="1111111000000010")(0...]
Compiling architecture structure of entity xil_defaultlib.or1200_pic [or1200_pic_default]
Compiling architecture lut5_v of entity unisim.LUT5 [\LUT5(init="00000000101010111111...]
Compiling architecture lut4_v of entity unisim.LUT4 [\LUT4(init="1111000100001110")(0...]
Compiling architecture structure of entity xil_defaultlib.or1200_pm [or1200_pm_default]
Compiling architecture lut3_v of entity unisim.LUT3 [\LUT3(init="00111111")(0,7)\]
Compiling architecture lut6_v of entity unisim.LUT6 [\LUT6(init="11111111101010001111...]
Compiling architecture lut5_v of entity unisim.LUT5 [\LUT5(init="11111111111111110000...]
Compiling architecture structure of entity xil_defaultlib.or1200_spram_2048x32_bw [or1200_spram_2048x32_bw_default]
Compiling architecture lut5_v of entity unisim.LUT5 [\LUT5(init="00000000110011001111...]
Compiling architecture lut6_v of entity unisim.LUT6 [\LUT6(init="11001100101010101111...]
Compiling architecture lut5_v of entity unisim.LUT5 [\LUT5(init="11100010000000000000...]
Compiling architecture structure of entity xil_defaultlib.or1200_qmem_top [or1200_qmem_top_default]
Compiling architecture lut4_v of entity unisim.LUT4 [\LUT4(init="0000000010001010")(0...]
Compiling architecture lut4_v of entity unisim.LUT4 [\LUT4(init="1111111110001010")(0...]
Compiling architecture ff36_internal_vhdl_v of entity unisim.FF36_INTERNAL_VHDL [\FF36_INTERNAL_VHDL(almost_full_...]
Compiling architecture fifo36e1_v of entity unisim.FIFO36E1 [\FIFO36E1(almost_full_offset="00...]
Compiling architecture lut6_v of entity unisim.LUT6 [\LUT6(init="00000000000000000100...]
Compiling architecture lut4_v of entity unisim.LUT4 [\LUT4(init="1011101010001010")(0...]
Compiling architecture lut6_v of entity unisim.LUT6 [\LUT6(init="10111010100010101011...]
Compiling architecture lut5_v of entity unisim.LUT5 [\LUT5(init="10111010101110101011...]
Compiling architecture lut6_v of entity unisim.LUT6 [\LUT6(init="11101110111010101110...]
Compiling architecture structure of entity xil_defaultlib.\FIFO_DUALCLOCK_MACRO_viv_\ [\FIFO_DUALCLOCK_MACRO_viv__defau...]
Compiling architecture structure of entity xil_defaultlib.\async_fifo__parameterized0\ [\async_fifo__parameterized0_defa...]
Compiling architecture structure of entity xil_defaultlib.or1200_sb_fifo [or1200_sb_fifo_default]
Compiling architecture structure of entity xil_defaultlib.or1200_sb [or1200_sb_default]
Compiling architecture lut5_v of entity unisim.LUT5 [\LUT5(init="01000111000000000100...]
Compiling architecture lut6_v of entity unisim.LUT6 [\LUT6(init="11110111111101111111...]
Compiling architecture lut5_v of entity unisim.LUT5 [\LUT5(init="11111111111111110111...]
Compiling architecture lut6_v of entity unisim.LUT6 [\LUT6(init="11111110111111101111...]
Compiling architecture structure of entity xil_defaultlib.or1200_tt [or1200_tt_default]
Compiling architecture lut4_v of entity unisim.LUT4 [\LUT4(init="0000000011101111")(0...]
Compiling architecture lut6_v of entity unisim.LUT6 [\LUT6(init="11101110111011111111...]
Compiling architecture lut6_v of entity unisim.LUT6 [\LUT6(init="11111111000000011111...]
Compiling architecture lut6_v of entity unisim.LUT6 [\LUT6(init="00000000101010110000...]
Compiling architecture lut4_v of entity unisim.LUT4 [\LUT4(init="1111111111100010")(0...]
Compiling architecture lut6_v of entity unisim.LUT6 [\LUT6(init="00000000000000000000...]
Compiling architecture lut6_v of entity unisim.LUT6 [\LUT6(init="00000000000000000000...]
Compiling architecture lut5_v of entity unisim.LUT5 [\LUT5(init="00000000000000000010...]
Compiling architecture lut6_v of entity unisim.LUT6 [\LUT6(init="00000000100000001111...]
Compiling architecture structure of entity xil_defaultlib.or1200_top [or1200_top_default]
Compiling architecture dsp48e1_v of entity unisim.DSP48E1 [\DSP48E1(adreg=0,alumodereg=0,ca...]
Compiling architecture lut4_v of entity unisim.LUT4 [\LUT4(init="1111011110000000")(0...]
Compiling architecture lut5_v of entity unisim.LUT5 [\LUT5(init="10001000111111111000...]
Compiling architecture lut5_v of entity unisim.LUT5 [\LUT5(init="00000010000000000000...]
Compiling architecture structure of entity xil_defaultlib.coreTransform_164 [coretransform_164_default]
Compiling architecture structure of entity xil_defaultlib.coreTransform_159 [coretransform_159_default]
Compiling architecture structure of entity xil_defaultlib.coreTransform_163 [coretransform_163_default]
Compiling architecture structure of entity xil_defaultlib.coreTransform_161 [coretransform_161_default]
Compiling architecture structure of entity xil_defaultlib.coreTransform_166 [coretransform_166_default]
Compiling architecture structure of entity xil_defaultlib.coreTransform_160 [coretransform_160_default]
Compiling architecture structure of entity xil_defaultlib.coreTransform_165 [coretransform_165_default]
Compiling architecture structure of entity xil_defaultlib.coreTransform_162 [coretransform_162_default]
Compiling architecture structure of entity xil_defaultlib.round_1 [round_1_default]
Compiling architecture structure of entity xil_defaultlib.coreTransform_154 [coretransform_154_default]
Compiling architecture structure of entity xil_defaultlib.coreTransform_155 [coretransform_155_default]
Compiling architecture structure of entity xil_defaultlib.coreTransform_156 [coretransform_156_default]
Compiling architecture structure of entity xil_defaultlib.coreTransform_157 [coretransform_157_default]
Compiling architecture structure of entity xil_defaultlib.coreTransform_150 [coretransform_150_default]
Compiling architecture structure of entity xil_defaultlib.coreTransform_151 [coretransform_151_default]
Compiling architecture structure of entity xil_defaultlib.coreTransform_152 [coretransform_152_default]
Compiling architecture structure of entity xil_defaultlib.coreTransform_153 [coretransform_153_default]
Compiling architecture structure of entity xil_defaultlib.round_2 [round_2_default]
Compiling architecture structure of entity xil_defaultlib.coreTransform_147 [coretransform_147_default]
Compiling architecture structure of entity xil_defaultlib.coreTransform_148 [coretransform_148_default]
Compiling architecture structure of entity xil_defaultlib.coreTransform_145 [coretransform_145_default]
Compiling architecture structure of entity xil_defaultlib.coreTransform_146 [coretransform_146_default]
Compiling architecture structure of entity xil_defaultlib.coreTransform_143 [coretransform_143_default]
Compiling architecture structure of entity xil_defaultlib.coreTransform_144 [coretransform_144_default]
Compiling architecture structure of entity xil_defaultlib.coreTransform_141 [coretransform_141_default]
Compiling architecture structure of entity xil_defaultlib.coreTransform_142 [coretransform_142_default]
Compiling architecture structure of entity xil_defaultlib.round_3 [round_3_default]
Compiling architecture structure of entity xil_defaultlib.coreTransform_138 [coretransform_138_default]
Compiling architecture structure of entity xil_defaultlib.coreTransform [coretransform_default]
Compiling architecture structure of entity xil_defaultlib.coreTransform_137 [coretransform_137_default]
Compiling architecture structure of entity xil_defaultlib.coreTransform_135 [coretransform_135_default]
Compiling architecture structure of entity xil_defaultlib.coreTransform_140 [coretransform_140_default]
Compiling architecture structure of entity xil_defaultlib.coreTransform_134 [coretransform_134_default]
Compiling architecture structure of entity xil_defaultlib.coreTransform_139 [coretransform_139_default]
Compiling architecture structure of entity xil_defaultlib.coreTransform_136 [coretransform_136_default]
Compiling architecture structure of entity xil_defaultlib.round_4 [round_4_default]
Compiling architecture lut4_v of entity unisim.LUT4 [\LUT4(init="1111111111111000")(0...]
Compiling architecture lut3_v of entity unisim.LUT3 [\LUT3(init="01101010")(0,7)\]
Compiling architecture lut4_v of entity unisim.LUT4 [\LUT4(init="0110101010101010")(0...]
Compiling architecture lut6_v of entity unisim.LUT6 [\LUT6(init="01101010101010101010...]
Compiling architecture lut5_v of entity unisim.LUT5 [\LUT5(init="01101010101010101010...]
Compiling architecture structure of entity xil_defaultlib.async_fifo_131 [async_fifo_131_default]
Compiling architecture structure of entity xil_defaultlib.FifoBuffer_110 [fifobuffer_110_default]
Compiling architecture structure of entity xil_defaultlib.async_fifo_123 [async_fifo_123_default]
Compiling architecture structure of entity xil_defaultlib.FifoBuffer_118 [fifobuffer_118_default]
Compiling architecture structure of entity xil_defaultlib.async_fifo_133 [async_fifo_133_default]
Compiling architecture structure of entity xil_defaultlib.FifoBuffer_108 [fifobuffer_108_default]
Compiling architecture structure of entity xil_defaultlib.async_fifo_126 [async_fifo_126_default]
Compiling architecture structure of entity xil_defaultlib.FifoBuffer_115 [fifobuffer_115_default]
Compiling architecture structure of entity xil_defaultlib.async_fifo_127 [async_fifo_127_default]
Compiling architecture structure of entity xil_defaultlib.FifoBuffer_114 [fifobuffer_114_default]
Compiling architecture structure of entity xil_defaultlib.async_fifo_149 [async_fifo_149_default]
Compiling architecture structure of entity xil_defaultlib.FifoBuffer_107 [fifobuffer_107_default]
Compiling architecture structure of entity xil_defaultlib.async_fifo_129 [async_fifo_129_default]
Compiling architecture structure of entity xil_defaultlib.FifoBuffer_112 [fifobuffer_112_default]
Compiling architecture lut4_v of entity unisim.LUT4 [\LUT4(init="0000000100001101")(0...]
Compiling architecture structure of entity xil_defaultlib.async_fifo_122 [async_fifo_122_default]
Compiling architecture structure of entity xil_defaultlib.FifoBuffer_119 [fifobuffer_119_default]
Compiling architecture lut4_v of entity unisim.LUT4 [\LUT4(init="1111111111110100")(0...]
Compiling architecture lut4_v of entity unisim.LUT4 [\LUT4(init="1000111110001000")(0...]
Compiling architecture structure of entity xil_defaultlib.async_fifo_121 [async_fifo_121_default]
Compiling architecture structure of entity xil_defaultlib.FifoBuffer_120 [fifobuffer_120_default]
Compiling architecture lut4_v of entity unisim.LUT4 [\LUT4(init="0000000000100000")(0...]
Compiling architecture lut4_v of entity unisim.LUT4 [\LUT4(init="1111101111111111")(0...]
Compiling architecture structure of entity xil_defaultlib.async_fifo_158 [async_fifo_158_default]
Compiling architecture structure of entity xil_defaultlib.FifoBuffer_106 [fifobuffer_106_default]
Compiling architecture structure of entity xil_defaultlib.async_fifo_128 [async_fifo_128_default]
Compiling architecture structure of entity xil_defaultlib.FifoBuffer_113 [fifobuffer_113_default]
Compiling architecture lut4_v of entity unisim.LUT4 [\LUT4(init="1011111111111111")(0...]
Compiling architecture structure of entity xil_defaultlib.async_fifo_125 [async_fifo_125_default]
Compiling architecture structure of entity xil_defaultlib.FifoBuffer_116 [fifobuffer_116_default]
Compiling architecture lut4_v of entity unisim.LUT4 [\LUT4(init="1111111110111111")(0...]
Compiling architecture lut5_v of entity unisim.LUT5 [\LUT5(init="00000000000000000001...]
Compiling architecture structure of entity xil_defaultlib.async_fifo_124 [async_fifo_124_default]
Compiling architecture structure of entity xil_defaultlib.FifoBuffer_117 [fifobuffer_117_default]
Compiling architecture lut4_v of entity unisim.LUT4 [\LUT4(init="0010000000000000")(0...]
Compiling architecture lut5_v of entity unisim.LUT5 [\LUT5(init="00000100000000000000...]
Compiling architecture structure of entity xil_defaultlib.async_fifo_132 [async_fifo_132_default]
Compiling architecture structure of entity xil_defaultlib.FifoBuffer_109 [fifobuffer_109_default]
Compiling architecture structure of entity xil_defaultlib.async_fifo_130 [async_fifo_130_default]
Compiling architecture structure of entity xil_defaultlib.FifoBuffer_111 [fifobuffer_111_default]
Compiling architecture lut4_v of entity unisim.LUT4 [\LUT4(init="0111111111111111")(0...]
Compiling architecture structure of entity xil_defaultlib.async_fifo_167 [async_fifo_167_default]
Compiling architecture structure of entity xil_defaultlib.FifoBuffer_105 [fifobuffer_105_default]
Compiling architecture srl16e_v of entity unisim.SRL16E [\SRL16E(0,15)\]
Compiling architecture lut6_v of entity unisim.LUT6 [\LUT6(init="00000000000000110000...]
Compiling architecture lut5_v of entity unisim.LUT5 [\LUT5(init="00000000000000010000...]
Compiling architecture structure of entity xil_defaultlib.bft [bft_default]
Compiling architecture lut4_v of entity unisim.LUT4 [\LUT4(init="0110100110010110")(0...]
Compiling architecture lut6_v of entity unisim.LUT6 [\LUT6(init="01101001100101101001...]
Compiling architecture structure of entity xil_defaultlib.fftTop [ffttop_default]
Compiling architecture gtxe2_channel_v of entity unisim.GTXE2_CHANNEL [\GTXE2_CHANNEL(chan_bond_max_ske...]
Compiling architecture structure of entity xil_defaultlib.ROCKETIO_WRAPPER_TILE_GT_177 [rocketio_wrapper_tile_gt_177_def...]
Compiling architecture structure of entity xil_defaultlib.ROCKETIO_WRAPPER_TILE_GT_178 [rocketio_wrapper_tile_gt_178_def...]
Compiling architecture structure of entity xil_defaultlib.ROCKETIO_WRAPPER_TILE_GT_180 [rocketio_wrapper_tile_gt_180_def...]
Compiling architecture structure of entity xil_defaultlib.ROCKETIO_WRAPPER_TILE_GT [rocketio_wrapper_tile_gt_default]
Compiling architecture structure of entity xil_defaultlib.ROCKETIO_WRAPPER_TILE_GT_175 [rocketio_wrapper_tile_gt_175_def...]
Compiling architecture structure of entity xil_defaultlib.ROCKETIO_WRAPPER_TILE_GT_176 [rocketio_wrapper_tile_gt_176_def...]
Compiling architecture structure of entity xil_defaultlib.ROCKETIO_WRAPPER_TILE_GT_179 [rocketio_wrapper_tile_gt_179_def...]
Compiling architecture structure of entity xil_defaultlib.ROCKETIO_WRAPPER_TILE_GT_181 [rocketio_wrapper_tile_gt_181_def...]
Compiling architecture structure of entity xil_defaultlib.ROCKETIO_WRAPPER_TILE [rocketio_wrapper_tile_default]
Compiling architecture lut6_v of entity unisim.LUT6 [\LUT6(init="00000000000000000000...]
Compiling architecture lut6_v of entity unisim.LUT6 [\LUT6(init="00010000000111110001...]
Compiling architecture lut6_v of entity unisim.LUT6 [\LUT6(init="10100100000000001010...]
Compiling architecture lut6_v of entity unisim.LUT6 [\LUT6(init="10100100000000001010...]
Compiling architecture lut5_v of entity unisim.LUT5 [\LUT5(init="00000000000100010000...]
Compiling architecture lut6_v of entity unisim.LUT6 [\LUT6(init="00000000000000000000...]
Compiling architecture lut6_v of entity unisim.LUT6 [\LUT6(init="00000000000000000000...]
Compiling architecture lut6_v of entity unisim.LUT6 [\LUT6(init="00000000100000000000...]
Compiling architecture lut2_v of entity unisim.LUT2 [\LUT2(init="1100")(0,3)\]
Compiling architecture lut4_v of entity unisim.LUT4 [\LUT4(init="1010101010101011")(0...]
Compiling architecture lut5_v of entity unisim.LUT5 [\LUT5(init="01000100010001000000...]
Compiling architecture structure of entity xil_defaultlib.ROCKETIO_WRAPPER_TILE_GT_FRAME_CHECK_174 [rocketio_wrapper_tile_gt_frame_c...]
Compiling architecture structure of entity xil_defaultlib.ROCKETIO_WRAPPER_TILE_GT_FRAME_CHECK_171 [rocketio_wrapper_tile_gt_frame_c...]
Compiling architecture structure of entity xil_defaultlib.ROCKETIO_WRAPPER_TILE_GT_FRAME_CHECK [rocketio_wrapper_tile_gt_frame_c...]
Compiling architecture structure of entity xil_defaultlib.ROCKETIO_WRAPPER_TILE_GT_FRAME_CHECK_172 [rocketio_wrapper_tile_gt_frame_c...]
Compiling architecture structure of entity xil_defaultlib.ROCKETIO_WRAPPER_TILE_GT_FRAME_CHECK_168 [rocketio_wrapper_tile_gt_frame_c...]
Compiling architecture structure of entity xil_defaultlib.ROCKETIO_WRAPPER_TILE_GT_FRAME_CHECK_169 [rocketio_wrapper_tile_gt_frame_c...]
Compiling architecture structure of entity xil_defaultlib.ROCKETIO_WRAPPER_TILE_GT_FRAME_CHECK_173 [rocketio_wrapper_tile_gt_frame_c...]
Compiling architecture structure of entity xil_defaultlib.ROCKETIO_WRAPPER_TILE_GT_FRAME_CHECK_170 [rocketio_wrapper_tile_gt_frame_c...]
Compiling architecture ibufds_gte2_v of entity unisim.IBUFDS_GTE2 [\IBUFDS_GTE2(0,1)\]
Compiling architecture structure of entity xil_defaultlib.ROCKETIO_WRAPPER_TILE_GT_USRCLK_SOURCE [rocketio_wrapper_tile_gt_usrclk_...]
Compiling architecture structure of entity xil_defaultlib.mgtTop [mgttop_default]
Compiling architecture dsp48e1_v of entity unisim.DSP48E1 [\DSP48E1(acascreg=0,adreg=0,alum...]
Compiling architecture lut4_v of entity unisim.LUT4 [\LUT4(init="1111111111101010")(0...]
Compiling architecture lut6_v of entity unisim.LUT6 [\LUT6(init="10111011101110111011...]
Compiling architecture lut5_v of entity unisim.LUT5 [\LUT5(init="00000000000000001111...]
Compiling architecture structure of entity xil_defaultlib.async_fifo_37 [async_fifo_37_default]
Compiling architecture structure of entity xil_defaultlib.FifoBuffer_26 [fifobuffer_26_default]
Compiling architecture lut4_v of entity unisim.LUT4 [\LUT4(init="0000000000001110")(0...]
Compiling architecture lut6_v of entity unisim.LUT6 [\LUT6(init="00000000000000000101...]
Compiling architecture lut4_v of entity unisim.LUT4 [\LUT4(init="1010101010000000")(0...]
Compiling architecture lut6_v of entity unisim.LUT6 [\LUT6(init="00000000000000000000...]
Compiling architecture lut6_v of entity unisim.LUT6 [\LUT6(init="00000000000000000000...]
Compiling architecture lut5_v of entity unisim.LUT5 [\LUT5(init="00000000000000000000...]
Compiling architecture lut5_v of entity unisim.LUT5 [\LUT5(init="00000000000000000000...]
Compiling architecture lut5_v of entity unisim.LUT5 [\LUT5(init="00000101000001010000...]
Compiling architecture lut5_v of entity unisim.LUT5 [\LUT5(init="11111111111111111111...]
Compiling architecture lut6_v of entity unisim.LUT6 [\LUT6(init="00000000000000000000...]
Compiling architecture lut5_v of entity unisim.LUT5 [\LUT5(init="10101011101010101010...]
Compiling architecture lut6_v of entity unisim.LUT6 [\LUT6(init="10101011101010101010...]
Compiling architecture lut6_v of entity unisim.LUT6 [\LUT6(init="00000000000000000000...]
Compiling architecture lut6_v of entity unisim.LUT6 [\LUT6(init="11110000111100000000...]
Compiling architecture lut3_v of entity unisim.LUT3 [\LUT3(init="00000110")(0,7)\]
Compiling architecture lut4_v of entity unisim.LUT4 [\LUT4(init="0000000001101010")(0...]
Compiling architecture lut5_v of entity unisim.LUT5 [\LUT5(init="00000000000000000110...]
Compiling architecture lut5_v of entity unisim.LUT5 [\LUT5(init="00000000000000001011...]
Compiling architecture lut6_v of entity unisim.LUT6 [\LUT6(init="00010000000000000000...]
Compiling architecture lut6_v of entity unisim.LUT6 [\LUT6(init="00000000000000000000...]
Compiling architecture lut6_v of entity unisim.LUT6 [\LUT6(init="00000000000100000000...]
Compiling architecture lut6_v of entity unisim.LUT6 [\LUT6(init="11111111111110001111...]
Compiling architecture lut6_v of entity unisim.LUT6 [\LUT6(init="00000000000000000000...]
Compiling architecture lut6_v of entity unisim.LUT6 [\LUT6(init="00010001000100010001...]
Compiling architecture lut5_v of entity unisim.LUT5 [\LUT5(init="00001110000011100000...]
Compiling architecture lut6_v of entity unisim.LUT6 [\LUT6(init="00000000000000000000...]
Compiling architecture lut5_v of entity unisim.LUT5 [\LUT5(init="00100010001000000010...]
Compiling architecture lut6_v of entity unisim.LUT6 [\LUT6(init="00000000000000000000...]
Compiling architecture lut6_v of entity unisim.LUT6 [\LUT6(init="11111111111110101011...]
Compiling architecture lut6_v of entity unisim.LUT6 [\LUT6(init="11111111111111111110...]
Compiling architecture lut6_v of entity unisim.LUT6 [\LUT6(init="00000000100010100000...]
Compiling architecture lut5_v of entity unisim.LUT5 [\LUT5(init="00000000000000000010...]
Compiling architecture lut6_v of entity unisim.LUT6 [\LUT6(init="10111011101110111011...]
Compiling architecture lut5_v of entity unisim.LUT5 [\LUT5(init="10101010101010101010...]
Compiling architecture lut5_v of entity unisim.LUT5 [\LUT5(init="00000000000000000000...]
Compiling architecture lut3_v of entity unisim.LUT3 [\LUT3(init="00001011")(0,7)\]
Compiling architecture lut6_v of entity unisim.LUT6 [\LUT6(init="00000000000000000000...]
Compiling architecture lut6_v of entity unisim.LUT6 [\LUT6(init="00000000000000001111...]
Compiling architecture lut6_v of entity unisim.LUT6 [\LUT6(init="00000000000000000000...]
Compiling architecture lut5_v of entity unisim.LUT5 [\LUT5(init="00100000001000000010...]
Compiling architecture lut6_v of entity unisim.LUT6 [\LUT6(init="00000000000000000000...]
Compiling architecture lut5_v of entity unisim.LUT5 [\LUT5(init="00000000000000001111...]
Compiling architecture lut5_v of entity unisim.LUT5 [\LUT5(init="11111111111111101010...]
Compiling architecture lut5_v of entity unisim.LUT5 [\LUT5(init="11101010000000001110...]
Compiling architecture lut6_v of entity unisim.LUT6 [\LUT6(init="00000000000000000000...]
Compiling architecture lut5_v of entity unisim.LUT5 [\LUT5(init="00001000000010100000...]
Compiling architecture lut5_v of entity unisim.LUT5 [\LUT5(init="00001000000010000000...]
Compiling architecture structure of entity xil_defaultlib.usbf_utmi_ls_36 [usbf_utmi_ls_36_default]
Compiling architecture structure of entity xil_defaultlib.usbf_utmi_if_27 [usbf_utmi_if_27_default]
Compiling architecture lut6_v of entity unisim.LUT6 [\LUT6(init="00000000000000000000...]
Compiling architecture lut6_v of entity unisim.LUT6 [\LUT6(init="11100010111011101111...]
Compiling architecture lut6_v of entity unisim.LUT6 [\LUT6(init="11111100111111111111...]
Compiling architecture lut6_v of entity unisim.LUT6 [\LUT6(init="10111000101110001011...]
Compiling architecture lut6_v of entity unisim.LUT6 [\LUT6(init="10111111111111111011...]
Compiling architecture lut6_v of entity unisim.LUT6 [\LUT6(init="11011111100011111000...]
Compiling architecture lut6_v of entity unisim.LUT6 [\LUT6(init="01011101111111010101...]
Compiling architecture lut5_v of entity unisim.LUT5 [\LUT5(init="11100010001000101110...]
Compiling architecture lut6_v of entity unisim.LUT6 [\LUT6(init="01010101010111011101...]
Compiling architecture lut6_v of entity unisim.LUT6 [\LUT6(init="10111010101110101010...]
Compiling architecture lut5_v of entity unisim.LUT5 [\LUT5(init="10001011100010001000...]
Compiling architecture lut3_v of entity unisim.LUT3 [\LUT3(init="10001011")(0,7)\]
Compiling architecture lut6_v of entity unisim.LUT6 [\LUT6(init="11111011111111111111...]
Compiling architecture lut6_v of entity unisim.LUT6 [\LUT6(init="00100010001011101111...]
Compiling architecture lut6_v of entity unisim.LUT6 [\LUT6(init="11001100110011110011...]
Compiling architecture lut6_v of entity unisim.LUT6 [\LUT6(init="10001000100010001000...]
Compiling architecture lut6_v of entity unisim.LUT6 [\LUT6(init="00000000000000000000...]
Compiling architecture lut6_v of entity unisim.LUT6 [\LUT6(init="01111111001011110010...]
Compiling architecture lut6_v of entity unisim.LUT6 [\LUT6(init="11111101010111010101...]
Compiling architecture lut5_v of entity unisim.LUT5 [\LUT5(init="00101110001000100010...]
Compiling architecture lut3_v of entity unisim.LUT3 [\LUT3(init="01000111")(0,7)\]
Compiling architecture lut6_v of entity unisim.LUT6 [\LUT6(init="11111111111111111111...]
Compiling architecture lut6_v of entity unisim.LUT6 [\LUT6(init="11111010111111001111...]
Compiling architecture lut5_v of entity unisim.LUT5 [\LUT5(init="10010110011010010110...]
Compiling architecture lut4_v of entity unisim.LUT4 [\LUT4(init="0000000001010010")(0...]
Compiling architecture lut5_v of entity unisim.LUT5 [\LUT5(init="00000000000000000110...]
Compiling architecture lut6_v of entity unisim.LUT6 [\LUT6(init="00000000000000000000...]
Compiling architecture lut6_v of entity unisim.LUT6 [\LUT6(init="00000000000000000000...]
Compiling architecture lut4_v of entity unisim.LUT4 [\LUT4(init="0000000011001110")(0...]
Compiling architecture lut4_v of entity unisim.LUT4 [\LUT4(init="1111101011001010")(0...]
Compiling architecture lut6_v of entity unisim.LUT6 [\LUT6(init="00000000000000001111...]
Compiling architecture lut5_v of entity unisim.LUT5 [\LUT5(init="00000000101010101111...]
Compiling architecture lut6_v of entity unisim.LUT6 [\LUT6(init="00000000000000001111...]
Compiling architecture lut6_v of entity unisim.LUT6 [\LUT6(init="11111111111111111111...]
Compiling architecture lut6_v of entity unisim.LUT6 [\LUT6(init="11111111111111111111...]
Compiling architecture lut4_v of entity unisim.LUT4 [\LUT4(init="1101000011011101")(0...]
Compiling architecture lut5_v of entity unisim.LUT5 [\LUT5(init="10101110111111111010...]
Compiling architecture lut5_v of entity unisim.LUT5 [\LUT5(init="10111010101110111011...]
Compiling architecture lut5_v of entity unisim.LUT5 [\LUT5(init="11111111111010101010...]
Compiling architecture lut6_v of entity unisim.LUT6 [\LUT6(init="11111111111111111111...]
Compiling architecture lut6_v of entity unisim.LUT6 [\LUT6(init="01010101010101010101...]
Compiling architecture lut6_v of entity unisim.LUT6 [\LUT6(init="00000000000000000000...]
Compiling architecture lut6_v of entity unisim.LUT6 [\LUT6(init="11111111111111110001...]
Compiling architecture lut6_v of entity unisim.LUT6 [\LUT6(init="00100010001000100000...]
Compiling architecture lut5_v of entity unisim.LUT5 [\LUT5(init="11111111111110010000...]
Compiling architecture lut6_v of entity unisim.LUT6 [\LUT6(init="10010110011010010110...]
Compiling architecture lut6_v of entity unisim.LUT6 [\LUT6(init="11111111111110011111...]
Compiling architecture lut5_v of entity unisim.LUT5 [\LUT5(init="11111111111111111111...]
Compiling architecture lut3_v of entity unisim.LUT3 [\LUT3(init="10010000")(0,7)\]
Compiling architecture lut6_v of entity unisim.LUT6 [\LUT6(init="00000000000000000000...]
Compiling architecture lut4_v of entity unisim.LUT4 [\LUT4(init="1000101000000000")(0...]
Compiling architecture lut6_v of entity unisim.LUT6 [\LUT6(init="11101111111111110000...]
Compiling architecture lut6_v of entity unisim.LUT6 [\LUT6(init="11111111111111111111...]
Compiling architecture lut5_v of entity unisim.LUT5 [\LUT5(init="00000000000000000000...]
Compiling architecture lut5_v of entity unisim.LUT5 [\LUT5(init="11111111111111111111...]
Compiling architecture lut6_v of entity unisim.LUT6 [\LUT6(init="10101010101010101010...]
Compiling architecture lut6_v of entity unisim.LUT6 [\LUT6(init="10011001100110011001...]
Compiling architecture lut6_v of entity unisim.LUT6 [\LUT6(init="11111000011100000000...]
Compiling architecture lut6_v of entity unisim.LUT6 [\LUT6(init="00000000000000000100...]
Compiling architecture lut6_v of entity unisim.LUT6 [\LUT6(init="00000000000000000000...]
Compiling architecture lut3_v of entity unisim.LUT3 [\LUT3(init="11111001")(0,7)\]
Compiling architecture lut6_v of entity unisim.LUT6 [\LUT6(init="11111110111011111111...]
Compiling architecture lut5_v of entity unisim.LUT5 [\LUT5(init="00000000000000000000...]
Compiling architecture lut6_v of entity unisim.LUT6 [\LUT6(init="01111111111111111111...]
Compiling architecture lut5_v of entity unisim.LUT5 [\LUT5(init="00000000100000000000...]
Compiling architecture lut6_v of entity unisim.LUT6 [\LUT6(init="00000000000000001111...]
Compiling architecture lut6_v of entity unisim.LUT6 [\LUT6(init="00100011001000100010...]
Compiling architecture lut6_v of entity unisim.LUT6 [\LUT6(init="00000000000000000000...]
Compiling architecture lut5_v of entity unisim.LUT5 [\LUT5(init="00000000000000001100...]
Compiling architecture lut6_v of entity unisim.LUT6 [\LUT6(init="00000000000000000000...]
Compiling architecture lut6_v of entity unisim.LUT6 [\LUT6(init="00100010001000100010...]
Compiling architecture lut5_v of entity unisim.LUT5 [\LUT5(init="00000000111111110000...]
Compiling architecture lut6_v of entity unisim.LUT6 [\LUT6(init="00010000000000001111...]
Compiling architecture lut5_v of entity unisim.LUT5 [\LUT5(init="00000000000001000000...]
Compiling architecture lut4_v of entity unisim.LUT4 [\LUT4(init="0100000001000100")(0...]
Compiling architecture lut6_v of entity unisim.LUT6 [\LUT6(init="11111111111111110111...]
Compiling architecture lut6_v of entity unisim.LUT6 [\LUT6(init="00000010000000000000...]
Compiling architecture lut6_v of entity unisim.LUT6 [\LUT6(init="10101110111111111010...]
Compiling architecture lut4_v of entity unisim.LUT4 [\LUT4(init="0100010101000100")(0...]
Compiling architecture lut4_v of entity unisim.LUT4 [\LUT4(init="1111000000000000")(0...]
Compiling architecture lut6_v of entity unisim.LUT6 [\LUT6(init="00000000000000000000...]
Compiling architecture lut6_v of entity unisim.LUT6 [\LUT6(init="10110000101100001011...]
Compiling architecture lut4_v of entity unisim.LUT4 [\LUT4(init="1101111111111111")(0...]
Compiling architecture lut6_v of entity unisim.LUT6 [\LUT6(init="11111111111111111110...]
Compiling architecture lut6_v of entity unisim.LUT6 [\LUT6(init="10101010101010101010...]
Compiling architecture lut6_v of entity unisim.LUT6 [\LUT6(init="10101010101010101010...]
Compiling architecture lut6_v of entity unisim.LUT6 [\LUT6(init="11111111100010001000...]
Compiling architecture lut6_v of entity unisim.LUT6 [\LUT6(init="01010101010101010101...]
Compiling architecture structure of entity xil_defaultlib.usbf_pd_32 [usbf_pd_32_default]
Compiling architecture lut6_v of entity unisim.LUT6 [\LUT6(init="00000000000000000000...]
Compiling architecture lut6_v of entity unisim.LUT6 [\LUT6(init="11111111111111111111...]
Compiling architecture lut4_v of entity unisim.LUT4 [\LUT4(init="1010101110101000")(0...]
Compiling architecture lut5_v of entity unisim.LUT5 [\LUT5(init="01010101010101010110...]
Compiling architecture lut6_v of entity unisim.LUT6 [\LUT6(init="01010111011101110111...]
Compiling architecture lut5_v of entity unisim.LUT5 [\LUT5(init="00011111111111111110...]
Compiling architecture lut5_v of entity unisim.LUT5 [\LUT5(init="10101010101010101010...]
Compiling architecture lut3_v of entity unisim.LUT3 [\LUT3(init="10011010")(0,7)\]
Compiling architecture lut6_v of entity unisim.LUT6 [\LUT6(init="00000000000000000000...]
Compiling architecture lut5_v of entity unisim.LUT5 [\LUT5(init="10110010111111110000...]
Compiling architecture lut6_v of entity unisim.LUT6 [\LUT6(init="00101111000000101111...]
Compiling architecture lut5_v of entity unisim.LUT5 [\LUT5(init="10101100111111111010...]
Compiling architecture lut4_v of entity unisim.LUT4 [\LUT4(init="1111111100100000")(0...]
Compiling architecture lut4_v of entity unisim.LUT4 [\LUT4(init="1111111110000000")(0...]
Compiling architecture lut4_v of entity unisim.LUT4 [\LUT4(init="1111111100010000")(0...]
Compiling architecture lut4_v of entity unisim.LUT4 [\LUT4(init="0101011010011010")(0...]
Compiling architecture lut6_v of entity unisim.LUT6 [\LUT6(init="10111011101110111011...]
Compiling architecture lut6_v of entity unisim.LUT6 [\LUT6(init="00000000000000000000...]
Compiling architecture lut5_v of entity unisim.LUT5 [\LUT5(init="00010000000000000000...]
Compiling architecture lut5_v of entity unisim.LUT5 [\LUT5(init="11111111111100010000...]
Compiling architecture lut6_v of entity unisim.LUT6 [\LUT6(init="11111111101000001111...]
Compiling architecture lut6_v of entity unisim.LUT6 [\LUT6(init="00000000000000000000...]
Compiling architecture lut5_v of entity unisim.LUT5 [\LUT5(init="00000000001000000010...]
Compiling architecture lut5_v of entity unisim.LUT5 [\LUT5(init="11111111111111111111...]
Compiling architecture lut6_v of entity unisim.LUT6 [\LUT6(init="11111111111111111111...]
Compiling architecture lut6_v of entity unisim.LUT6 [\LUT6(init="10101010101010101010...]
Compiling architecture lut6_v of entity unisim.LUT6 [\LUT6(init="11111111111111111111...]
Compiling architecture lut6_v of entity unisim.LUT6 [\LUT6(init="11111000111111111111...]
Compiling architecture lut4_v of entity unisim.LUT4 [\LUT4(init="1110101010101010")(0...]
Compiling architecture lut6_v of entity unisim.LUT6 [\LUT6(init="00000000010000000100...]
Compiling architecture structure of entity xil_defaultlib.usbf_idma_33 [usbf_idma_33_default]
Compiling architecture lut6_v of entity unisim.LUT6 [\LUT6(init="01100000111111111111...]
Compiling architecture lut6_v of entity unisim.LUT6 [\LUT6(init="10000010111111111111...]
Compiling architecture lut6_v of entity unisim.LUT6 [\LUT6(init="11111111111111111110...]
Compiling architecture lut4_v of entity unisim.LUT4 [\LUT4(init="1111110011101100")(0...]
Compiling architecture lut4_v of entity unisim.LUT4 [\LUT4(init="1111111010101010")(0...]
Compiling architecture lut5_v of entity unisim.LUT5 [\LUT5(init="11101110111011110010...]
Compiling architecture lut6_v of entity unisim.LUT6 [\LUT6(init="11111111000000000000...]
Compiling architecture lut6_v of entity unisim.LUT6 [\LUT6(init="10101010101010101010...]
Compiling architecture lut6_v of entity unisim.LUT6 [\LUT6(init="01010101010101100110...]
Compiling architecture lut6_v of entity unisim.LUT6 [\LUT6(init="00000000000000000000...]
Compiling architecture lut6_v of entity unisim.LUT6 [\LUT6(init="00000000000010000000...]
Compiling architecture lut6_v of entity unisim.LUT6 [\LUT6(init="00000011000000000000...]
Compiling architecture lut4_v of entity unisim.LUT4 [\LUT4(init="1110010000011011")(0...]
Compiling architecture lut6_v of entity unisim.LUT6 [\LUT6(init="11111111111111111111...]
Compiling architecture lut6_v of entity unisim.LUT6 [\LUT6(init="11111110111011101111...]
Compiling architecture lut6_v of entity unisim.LUT6 [\LUT6(init="00000000000000001010...]
Compiling architecture lut4_v of entity unisim.LUT4 [\LUT4(init="1111111111110001")(0...]
Compiling architecture lut5_v of entity unisim.LUT5 [\LUT5(init="01000000000000000000...]
Compiling architecture lut6_v of entity unisim.LUT6 [\LUT6(init="10000000100000001000...]
Compiling architecture lut3_v of entity unisim.LUT3 [\LUT3(init="10101000")(0,7)\]
Compiling architecture lut5_v of entity unisim.LUT5 [\LUT5(init="11111111111111111111...]
Compiling architecture lut6_v of entity unisim.LUT6 [\LUT6(init="11111111111111111010...]
Compiling architecture lut4_v of entity unisim.LUT4 [\LUT4(init="1111111110101110")(0...]
Compiling architecture lut6_v of entity unisim.LUT6 [\LUT6(init="00000000000000000000...]
Compiling architecture lut6_v of entity unisim.LUT6 [\LUT6(init="11111111111011101110...]
Compiling architecture lut5_v of entity unisim.LUT5 [\LUT5(init="00000000000000000000...]
Compiling architecture lut5_v of entity unisim.LUT5 [\LUT5(init="00000000000100000000...]
Compiling architecture lut6_v of entity unisim.LUT6 [\LUT6(init="00000000000000000000...]
Compiling architecture lut6_v of entity unisim.LUT6 [\LUT6(init="00000000000000011111...]
Compiling architecture lut5_v of entity unisim.LUT5 [\LUT5(init="11111101111111010000...]
Compiling architecture lut6_v of entity unisim.LUT6 [\LUT6(init="00100000111111110010...]
Compiling architecture lut6_v of entity unisim.LUT6 [\LUT6(init="00000000000000000000...]
Compiling architecture lut6_v of entity unisim.LUT6 [\LUT6(init="10000000100000001000...]
Compiling architecture lut4_v of entity unisim.LUT4 [\LUT4(init="1011111110000000")(0...]
Compiling architecture structure of entity xil_defaultlib.usbf_pe_34 [usbf_pe_34_default]
Compiling architecture lut6_v of entity unisim.LUT6 [\LUT6(init="00000000000000000000...]
Compiling architecture structure of entity xil_defaultlib.usbf_pl_29 [usbf_pl_29_default]
Compiling architecture structure of entity xil_defaultlib.usbf_mem_arb_30 [usbf_mem_arb_30_default]
Compiling architecture lut6_v of entity unisim.LUT6 [\LUT6(init="01011111010100001100...]
Compiling architecture lut5_v of entity unisim.LUT5 [\LUT5(init="00001111101110110000...]
Compiling architecture lut6_v of entity unisim.LUT6 [\LUT6(init="00001111111100001011...]
Compiling architecture lut5_v of entity unisim.LUT5 [\LUT5(init="11110000101110111111...]
Compiling architecture lut6_v of entity unisim.LUT6 [\LUT6(init="01100110111111111111...]
Compiling architecture lut6_v of entity unisim.LUT6 [\LUT6(init="11111000000010001111...]
Compiling architecture lut5_v of entity unisim.LUT5 [\LUT5(init="00000000000001100110...]
Compiling architecture lut6_v of entity unisim.LUT6 [\LUT6(init="00000000000000000000...]
Compiling architecture lut6_v of entity unisim.LUT6 [\LUT6(init="00000000000000000000...]
Compiling architecture lut6_v of entity unisim.LUT6 [\LUT6(init="11111111111111111111...]
Compiling architecture lut3_v of entity unisim.LUT3 [\LUT3(init="11010100")(0,7)\]
Compiling architecture lut5_v of entity unisim.LUT5 [\LUT5(init="11011101010011010100...]
Compiling architecture lut6_v of entity unisim.LUT6 [\LUT6(init="11011101010011010100...]
Compiling architecture lut3_v of entity unisim.LUT3 [\LUT3(init="01010110")(0,7)\]
Compiling architecture lut6_v of entity unisim.LUT6 [\LUT6(init="11111111111111101111...]
Compiling architecture lut5_v of entity unisim.LUT5 [\LUT5(init="11111111111111101010...]
Compiling architecture lut6_v of entity unisim.LUT6 [\LUT6(init="01000100110101000100...]
Compiling architecture lut6_v of entity unisim.LUT6 [\LUT6(init="11111111111111111111...]
Compiling architecture lut5_v of entity unisim.LUT5 [\LUT5(init="00000000000000000000...]
Compiling architecture lut6_v of entity unisim.LUT6 [\LUT6(init="00000100101111111011...]
Compiling architecture lut5_v of entity unisim.LUT5 [\LUT5(init="11111111111111111111...]
Compiling architecture lut5_v of entity unisim.LUT5 [\LUT5(init="00000000000000000000...]
Compiling architecture lut6_v of entity unisim.LUT6 [\LUT6(init="11111111111111111111...]
Compiling architecture lut6_v of entity unisim.LUT6 [\LUT6(init="11111111111111111111...]
Compiling architecture lut6_v of entity unisim.LUT6 [\LUT6(init="00010001000100010001...]
Compiling architecture lut5_v of entity unisim.LUT5 [\LUT5(init="01000000000000000100...]
Compiling architecture structure of entity xil_defaultlib.usbf_ep_rf_42 [usbf_ep_rf_42_default]
Compiling architecture structure of entity xil_defaultlib.usbf_ep_rf_43 [usbf_ep_rf_43_default]
Compiling architecture lut6_v of entity unisim.LUT6 [\LUT6(init="11111000100010001111...]
Compiling architecture structure of entity xil_defaultlib.usbf_ep_rf_46 [usbf_ep_rf_46_default]
Compiling architecture structure of entity xil_defaultlib.usbf_ep_rf_48 [usbf_ep_rf_48_default]
Compiling architecture structure of entity xil_defaultlib.usbf_ep_rf_50 [usbf_ep_rf_50_default]
Compiling architecture structure of entity xil_defaultlib.usbf_ep_rf_53 [usbf_ep_rf_53_default]
Compiling architecture structure of entity xil_defaultlib.usbf_ep_rf_55 [usbf_ep_rf_55_default]
Compiling architecture structure of entity xil_defaultlib.usbf_ep_rf_41 [usbf_ep_rf_41_default]
Compiling architecture lut4_v of entity unisim.LUT4 [\LUT4(init="0101011111111111")(0...]
Compiling architecture lut4_v of entity unisim.LUT4 [\LUT4(init="0000000000001011")(0...]
Compiling architecture lut5_v of entity unisim.LUT5 [\LUT5(init="11011101110100010001...]
Compiling architecture lut3_v of entity unisim.LUT3 [\LUT3(init="11010001")(0,7)\]
Compiling architecture lut6_v of entity unisim.LUT6 [\LUT6(init="11010001110100011101...]
Compiling architecture lut6_v of entity unisim.LUT6 [\LUT6(init="00000000000000001000...]
Compiling architecture structure of entity xil_defaultlib.usbf_ep_rf_44 [usbf_ep_rf_44_default]
Compiling architecture lut5_v of entity unisim.LUT5 [\LUT5(init="10000000100000001000...]
Compiling architecture lut6_v of entity unisim.LUT6 [\LUT6(init="00000000000000000000...]
Compiling architecture lut6_v of entity unisim.LUT6 [\LUT6(init="00011111111111110000...]
Compiling architecture lut6_v of entity unisim.LUT6 [\LUT6(init="00000000000000000000...]
Compiling architecture lut5_v of entity unisim.LUT5 [\LUT5(init="00101010001010100010...]
Compiling architecture lut4_v of entity unisim.LUT4 [\LUT4(init="0110011001011010")(0...]
Compiling architecture lut6_v of entity unisim.LUT6 [\LUT6(init="11001100110011001100...]
Compiling architecture lut6_v of entity unisim.LUT6 [\LUT6(init="00000000000000000000...]
Compiling architecture lut4_v of entity unisim.LUT4 [\LUT4(init="0010000000100000")(0...]
Compiling architecture lut6_v of entity unisim.LUT6 [\LUT6(init="00010101000100010101...]
Compiling architecture lut6_v of entity unisim.LUT6 [\LUT6(init="10111011101110111011...]
Compiling architecture lut6_v of entity unisim.LUT6 [\LUT6(init="00001000110111010000...]
Compiling architecture lut6_v of entity unisim.LUT6 [\LUT6(init="00101111001000001111...]
Compiling architecture lut6_v of entity unisim.LUT6 [\LUT6(init="11111111111111111111...]
Compiling architecture lut5_v of entity unisim.LUT5 [\LUT5(init="00000000001000000000...]
Compiling architecture lut5_v of entity unisim.LUT5 [\LUT5(init="10101100101011001111...]
Compiling architecture lut4_v of entity unisim.LUT4 [\LUT4(init="1010100000100000")(0...]
Compiling architecture lut6_v of entity unisim.LUT6 [\LUT6(init="00000000000000000000...]
Compiling architecture lut6_v of entity unisim.LUT6 [\LUT6(init="10011010000010101111...]
Compiling architecture lut6_v of entity unisim.LUT6 [\LUT6(init="00000000000000000000...]
Compiling architecture lut6_v of entity unisim.LUT6 [\LUT6(init="01001111000000001111...]
Compiling architecture lut5_v of entity unisim.LUT5 [\LUT5(init="10111010000000000000...]
Compiling architecture lut6_v of entity unisim.LUT6 [\LUT6(init="01110000000000000111...]
Compiling architecture structure of entity xil_defaultlib.usbf_ep_rf_45 [usbf_ep_rf_45_default]
Compiling architecture structure of entity xil_defaultlib.usbf_ep_rf_47 [usbf_ep_rf_47_default]
Compiling architecture structure of entity xil_defaultlib.usbf_ep_rf_49 [usbf_ep_rf_49_default]
Compiling architecture lut6_v of entity unisim.LUT6 [\LUT6(init="00000000000000000000...]
Compiling architecture structure of entity xil_defaultlib.usbf_ep_rf_51 [usbf_ep_rf_51_default]
Compiling architecture structure of entity xil_defaultlib.usbf_ep_rf_52 [usbf_ep_rf_52_default]
Compiling architecture structure of entity xil_defaultlib.usbf_ep_rf_54 [usbf_ep_rf_54_default]
Compiling architecture lut6_v of entity unisim.LUT6 [\LUT6(init="11111111111111111111...]
Compiling architecture structure of entity xil_defaultlib.usbf_ep_rf_40 [usbf_ep_rf_40_default]
Compiling architecture structure of entity xil_defaultlib.usbf_rf_22 [usbf_rf_22_default]
Compiling architecture lut6_v of entity unisim.LUT6 [\LUT6(init="00000000000000000001...]
Compiling architecture lut6_v of entity unisim.LUT6 [\LUT6(init="11111111111111111000...]
Compiling architecture lut6_v of entity unisim.LUT6 [\LUT6(init="00000000000000001000...]
Compiling architecture lut6_v of entity unisim.LUT6 [\LUT6(init="00000011001110000000...]
Compiling architecture lut3_v of entity unisim.LUT3 [\LUT3(init="11000000")(0,7)\]
Compiling architecture lut6_v of entity unisim.LUT6 [\LUT6(init="10110011000000001111...]
Compiling architecture lut6_v of entity unisim.LUT6 [\LUT6(init="00001000000000001111...]
Compiling architecture lut5_v of entity unisim.LUT5 [\LUT5(init="11111111111111111111...]
Compiling architecture lut6_v of entity unisim.LUT6 [\LUT6(init="00000000000000001010...]
Compiling architecture lut6_v of entity unisim.LUT6 [\LUT6(init="10101110101011101010...]
Compiling architecture lut6_v of entity unisim.LUT6 [\LUT6(init="00000000000000000000...]
Compiling architecture lut6_v of entity unisim.LUT6 [\LUT6(init="11111111111111111111...]
Compiling architecture lut6_v of entity unisim.LUT6 [\LUT6(init="00000000000000000000...]
Compiling architecture structure of entity xil_defaultlib.usbf_wb_24 [usbf_wb_24_default]
Compiling architecture rb36_internal_vhdl_v of entity unisim.RB36_INTERNAL_VHDL [\RB36_INTERNAL_VHDL(doa_reg=1,in...]
Compiling architecture ramb36e1_v of entity unisim.RAMB36E1 [\RAMB36E1(doa_reg=1,read_width_a...]
Compiling architecture structure of entity xil_defaultlib.rtlRam_31 [rtlram_31_default]
Compiling architecture lut6_v of entity unisim.LUT6 [\LUT6(init="00001000000000000000...]
Compiling architecture lut5_v of entity unisim.LUT5 [\LUT5(init="11111111111110001000...]
Compiling architecture lut6_v of entity unisim.LUT6 [\LUT6(init="00000000000000001000...]
Compiling architecture lut6_v of entity unisim.LUT6 [\LUT6(init="10101010101010101010...]
Compiling architecture lut5_v of entity unisim.LUT5 [\LUT5(init="00000000100010000011...]
Compiling architecture lut6_v of entity unisim.LUT6 [\LUT6(init="10001000100010001011...]
Compiling architecture lut6_v of entity unisim.LUT6 [\LUT6(init="10111000101110111011...]
Compiling architecture muxf8_v of entity unisim.MUXF8 [muxf8_default]
Compiling architecture lut5_v of entity unisim.LUT5 [\LUT5(init="10101010100000001000...]
Compiling architecture lut4_v of entity unisim.LUT4 [\LUT4(init="0000100000000000")(0...]
Compiling architecture lut5_v of entity unisim.LUT5 [\LUT5(init="00000000000000000011...]
Compiling architecture lut6_v of entity unisim.LUT6 [\LUT6(init="00000000001100111011...]
Compiling architecture lut6_v of entity unisim.LUT6 [\LUT6(init="10001000100010001000...]
Compiling architecture lut3_v of entity unisim.LUT3 [\LUT3(init="01010111")(0,7)\]
Compiling architecture lut5_v of entity unisim.LUT5 [\LUT5(init="00000001000000000000...]
Compiling architecture structure of entity xil_defaultlib.async_fifo_35 [async_fifo_35_default]
Compiling architecture structure of entity xil_defaultlib.FifoBuffer_28 [fifobuffer_28_default]
Compiling architecture structure of entity xil_defaultlib.async_fifo_39 [async_fifo_39_default]
Compiling architecture structure of entity xil_defaultlib.FifoBuffer_23 [fifobuffer_23_default]
Compiling architecture structure of entity xil_defaultlib.async_fifo_38 [async_fifo_38_default]
Compiling architecture structure of entity xil_defaultlib.FifoBuffer_25 [fifobuffer_25_default]
Compiling architecture structure of entity xil_defaultlib.usbf_top [usbf_top_default]
Compiling architecture structure of entity xil_defaultlib.async_fifo_4 [async_fifo_4_default]
Compiling architecture structure of entity xil_defaultlib.FifoBuffer_2 [fifobuffer_2_default]
Compiling architecture structure of entity xil_defaultlib.usbf_utmi_ls [usbf_utmi_ls_default]
Compiling architecture structure of entity xil_defaultlib.usbf_utmi_if [usbf_utmi_if_default]
Compiling architecture structure of entity xil_defaultlib.usbf_pd [usbf_pd_default]
Compiling architecture structure of entity xil_defaultlib.usbf_idma [usbf_idma_default]
Compiling architecture structure of entity xil_defaultlib.usbf_pe [usbf_pe_default]
Compiling architecture structure of entity xil_defaultlib.usbf_pl [usbf_pl_default]
Compiling architecture structure of entity xil_defaultlib.usbf_mem_arb [usbf_mem_arb_default]
Compiling architecture structure of entity xil_defaultlib.usbf_ep_rf_8 [usbf_ep_rf_8_default]
Compiling architecture structure of entity xil_defaultlib.usbf_ep_rf_9 [usbf_ep_rf_9_default]
Compiling architecture structure of entity xil_defaultlib.usbf_ep_rf_12 [usbf_ep_rf_12_default]
Compiling architecture structure of entity xil_defaultlib.usbf_ep_rf_14 [usbf_ep_rf_14_default]
Compiling architecture structure of entity xil_defaultlib.usbf_ep_rf_16 [usbf_ep_rf_16_default]
Compiling architecture structure of entity xil_defaultlib.usbf_ep_rf_19 [usbf_ep_rf_19_default]
Compiling architecture structure of entity xil_defaultlib.usbf_ep_rf_21 [usbf_ep_rf_21_default]
Compiling architecture structure of entity xil_defaultlib.usbf_ep_rf_7 [usbf_ep_rf_7_default]
Compiling architecture structure of entity xil_defaultlib.usbf_ep_rf_10 [usbf_ep_rf_10_default]
Compiling architecture structure of entity xil_defaultlib.usbf_ep_rf_11 [usbf_ep_rf_11_default]
Compiling architecture structure of entity xil_defaultlib.usbf_ep_rf_13 [usbf_ep_rf_13_default]
Compiling architecture structure of entity xil_defaultlib.usbf_ep_rf_15 [usbf_ep_rf_15_default]
Compiling architecture structure of entity xil_defaultlib.usbf_ep_rf_17 [usbf_ep_rf_17_default]
Compiling architecture structure of entity xil_defaultlib.usbf_ep_rf_18 [usbf_ep_rf_18_default]
Compiling architecture structure of entity xil_defaultlib.usbf_ep_rf_20 [usbf_ep_rf_20_default]
Compiling architecture structure of entity xil_defaultlib.usbf_ep_rf [usbf_ep_rf_default]
Compiling architecture structure of entity xil_defaultlib.usbf_rf [usbf_rf_default]
Compiling architecture structure of entity xil_defaultlib.usbf_wb [usbf_wb_default]
Compiling architecture structure of entity xil_defaultlib.rtlRam [rtlram_default]
Compiling architecture structure of entity xil_defaultlib.async_fifo [async_fifo_default]
Compiling architecture structure of entity xil_defaultlib.FifoBuffer_3 [fifobuffer_3_default]
Compiling architecture structure of entity xil_defaultlib.async_fifo_6 [async_fifo_6_default]
Compiling architecture structure of entity xil_defaultlib.FifoBuffer [fifobuffer_default]
Compiling architecture structure of entity xil_defaultlib.async_fifo_5 [async_fifo_5_default]
Compiling architecture structure of entity xil_defaultlib.FifoBuffer_1 [fifobuffer_1_default]
Compiling architecture structure of entity xil_defaultlib.usbf_top_0 [usbf_top_0_default]
Compiling architecture structure of entity xil_defaultlib.wb_conmax_master_if [wb_conmax_master_if_default]
Compiling architecture structure of entity xil_defaultlib.wb_conmax_master_if_56 [wb_conmax_master_if_56_default]
Compiling architecture lut5_v of entity unisim.LUT5 [\LUT5(init="10111010101110100010...]
Compiling architecture lut6_v of entity unisim.LUT6 [\LUT6(init="11111111100000001100...]
Compiling architecture lut6_v of entity unisim.LUT6 [\LUT6(init="11111111100000001011...]
Compiling architecture lut6_v of entity unisim.LUT6 [\LUT6(init="00000000011111110111...]
Compiling architecture lut6_v of entity unisim.LUT6 [\LUT6(init="01000000111111110100...]
Compiling architecture lut6_v of entity unisim.LUT6 [\LUT6(init="11011111000000001101...]
Compiling architecture lut6_v of entity unisim.LUT6 [\LUT6(init="11111111100000001000...]
Compiling architecture lut5_v of entity unisim.LUT5 [\LUT5(init="01111111000000001111...]
Compiling architecture lut5_v of entity unisim.LUT5 [\LUT5(init="11111111111110111111...]
Compiling architecture lut5_v of entity unisim.LUT5 [\LUT5(init="10101010001010101111...]
Compiling architecture lut6_v of entity unisim.LUT6 [\LUT6(init="11101110111011101111...]
Compiling architecture lut5_v of entity unisim.LUT5 [\LUT5(init="11111111111011111110...]
Compiling architecture lut5_v of entity unisim.LUT5 [\LUT5(init="11111111011111110111...]
Compiling architecture lut5_v of entity unisim.LUT5 [\LUT5(init="11111111111101111111...]
Compiling architecture lut5_v of entity unisim.LUT5 [\LUT5(init="11111111101111111011...]
Compiling architecture lut5_v of entity unisim.LUT5 [\LUT5(init="10111111001010100010...]
Compiling architecture lut3_v of entity unisim.LUT3 [\LUT3(init="01111111")(0,7)\]
Compiling architecture structure of entity xil_defaultlib.wb_conmax_rf [wb_conmax_rf_default]
Compiling architecture lut3_v of entity unisim.LUT3 [\LUT3(init="00011101")(0,7)\]
Compiling architecture structure of entity xil_defaultlib.wb_conmax_arb_77 [wb_conmax_arb_77_default]
Compiling architecture lut5_v of entity unisim.LUT5 [\LUT5(init="10111010101111111000...]
Compiling architecture lut5_v of entity unisim.LUT5 [\LUT5(init="00010101101111111011...]
Compiling architecture lut5_v of entity unisim.LUT5 [\LUT5(init="10001000100010001111...]
Compiling architecture lut4_v of entity unisim.LUT4 [\LUT4(init="1000101010000000")(0...]
Compiling architecture structure of entity xil_defaultlib.wb_conmax_arb_78 [wb_conmax_arb_78_default]
Compiling architecture lut6_v of entity unisim.LUT6 [\LUT6(init="00000000000000000000...]
Compiling architecture structure of entity xil_defaultlib.wb_conmax_msel_76 [wb_conmax_msel_76_default]
Compiling architecture structure of entity xil_defaultlib.wb_conmax_slave_if [wb_conmax_slave_if_default]
Compiling architecture lut5_v of entity unisim.LUT5 [\LUT5(init="01010101001111001010...]
Compiling architecture lut5_v of entity unisim.LUT5 [\LUT5(init="00110011010110101100...]
Compiling architecture structure of entity xil_defaultlib.wb_conmax_arb_74 [wb_conmax_arb_74_default]
Compiling architecture lut6_v of entity unisim.LUT6 [\LUT6(init="00000000000000000000...]
Compiling architecture structure of entity xil_defaultlib.wb_conmax_arb_75 [wb_conmax_arb_75_default]
Compiling architecture structure of entity xil_defaultlib.wb_conmax_msel [wb_conmax_msel_default]
Compiling architecture structure of entity xil_defaultlib.wb_conmax_slave_if_57 [wb_conmax_slave_if_57_default]
Compiling architecture structure of entity xil_defaultlib.wb_conmax_arb_80 [wb_conmax_arb_80_default]
Compiling architecture structure of entity xil_defaultlib.wb_conmax_arb_81 [wb_conmax_arb_81_default]
Compiling architecture structure of entity xil_defaultlib.wb_conmax_arb_82 [wb_conmax_arb_82_default]
Compiling architecture lut6_v of entity unisim.LUT6 [\LUT6(init="01010101001100110101...]
Compiling architecture lut6_v of entity unisim.LUT6 [\LUT6(init="01010111011101111101...]
Compiling architecture structure of entity xil_defaultlib.wb_conmax_arb_83 [wb_conmax_arb_83_default]
Compiling architecture lut5_v of entity unisim.LUT5 [\LUT5(init="00000000000000000010...]
Compiling architecture structure of entity xil_defaultlib.\wb_conmax_msel__parameterized0_79\ [\wb_conmax_msel__parameterized0_...]
Compiling architecture structure of entity xil_defaultlib.\wb_conmax_slave_if__parameterized0\ [\wb_conmax_slave_if__parameteriz...]
Compiling architecture structure of entity xil_defaultlib.wb_conmax_arb_70 [wb_conmax_arb_70_default]
Compiling architecture structure of entity xil_defaultlib.wb_conmax_arb_71 [wb_conmax_arb_71_default]
Compiling architecture structure of entity xil_defaultlib.wb_conmax_arb_72 [wb_conmax_arb_72_default]
Compiling architecture lut5_v of entity unisim.LUT5 [\LUT5(init="00001111111111110111...]
Compiling architecture lut5_v of entity unisim.LUT5 [\LUT5(init="11101111111011101110...]
Compiling architecture structure of entity xil_defaultlib.wb_conmax_arb_73 [wb_conmax_arb_73_default]
Compiling architecture structure of entity xil_defaultlib.\wb_conmax_msel__parameterized0_69\ [\wb_conmax_msel__parameterized0_...]
Compiling architecture structure of entity xil_defaultlib.\wb_conmax_slave_if__parameterized0_58\ [\wb_conmax_slave_if__parameteriz...]
Compiling architecture structure of entity xil_defaultlib.wb_conmax_arb_65 [wb_conmax_arb_65_default]
Compiling architecture structure of entity xil_defaultlib.wb_conmax_arb_66 [wb_conmax_arb_66_default]
Compiling architecture structure of entity xil_defaultlib.wb_conmax_arb_67 [wb_conmax_arb_67_default]
Compiling architecture lut5_v of entity unisim.LUT5 [\LUT5(init="11010101100000001000...]
Compiling architecture structure of entity xil_defaultlib.wb_conmax_arb_68 [wb_conmax_arb_68_default]
Compiling architecture structure of entity xil_defaultlib.\wb_conmax_msel__parameterized0_64\ [\wb_conmax_msel__parameterized0_...]
Compiling architecture structure of entity xil_defaultlib.\wb_conmax_slave_if__parameterized0_59\ [\wb_conmax_slave_if__parameteriz...]
Compiling architecture structure of entity xil_defaultlib.wb_conmax_arb [wb_conmax_arb_default]
Compiling architecture structure of entity xil_defaultlib.wb_conmax_arb_61 [wb_conmax_arb_61_default]
Compiling architecture lut5_v of entity unisim.LUT5 [\LUT5(init="01010101001111111111...]
Compiling architecture lut6_v of entity unisim.LUT6 [\LUT6(init="11001010110010101111...]
Compiling architecture structure of entity xil_defaultlib.wb_conmax_arb_62 [wb_conmax_arb_62_default]
Compiling architecture structure of entity xil_defaultlib.wb_conmax_arb_63 [wb_conmax_arb_63_default]
Compiling architecture lut5_v of entity unisim.LUT5 [\LUT5(init="00000000000000001110...]
Compiling architecture structure of entity xil_defaultlib.\wb_conmax_msel__parameterized0\ [\wb_conmax_msel__parameterized0_...]
Compiling architecture structure of entity xil_defaultlib.\wb_conmax_slave_if__parameterized0_60\ [\wb_conmax_slave_if__parameteriz...]
Compiling architecture structure of entity xil_defaultlib.wb_conmax_top [wb_conmax_top_default]
Compiling architecture structure of entity xil_defaultlib.top [top_default]
Compiling module xil_defaultlib.test
Compiling module xil_defaultlib.glbl
Built simulation snapshot test_func_synth
